<?xml version="1.0" encoding="utf-8"?>
<extension type="module" version="3.7.0" client="site" method="upgrade">
	<name>mod_flexitagscloud</name>
	<author>Emmanuel Danan, Georgios Papadakis, Yannick Berges, others, see contributor page</author>
	<creationDate>12/05/2020</creationDate>
	<copyright>(C) 2020 flexicontent.org</copyright>
	<license>http://www.gnu.org/licenses/gpl-3.0.html GNU/GPL</license>
	<authorEmail>info@flexicontent.org</authorEmail>
	<authorUrl>http://www.flexicontent.org</authorUrl>
	<version>3.4.0</version>
	<description>MOD_FLEXITAGSCLOUD_XML_DESCRIPTION</description>

	<files>
		<filename module="mod_flexitagcloud">mod_flexitagcloud.php</filename>
		<filename>index.html</filename>
		<filename>helper.php</filename>
		<folder>elements</folder>
		<folder>tmpl</folder>
	</files>

	<languages>
		<language tag="en-GB">language/en-GB.mod_flexitagcloud.ini</language>
		<language tag="en-GB">language/en-GB.mod_flexitagcloud.sys.ini</language>
	</languages>

	<config>
	<inlinehelp button="show"/>
	<fields name="params" addfieldpath="/modules/mod_flexitagcloud/elements">
		<fieldset name="basic">

			<field name="" type="separator" default="FLEXI_TEMPLATE_LAYOUT" description="" level="level1" class="fc-ngmargin" />
			<field name="" type="separator" default="Please set layout parameters in &lt;b&gt;Layout: ... TAB&lt;/b&gt;. CSS/HTML developers please read: &lt;u&gt;&lt;b&gt; &lt;a href='https://www.flexicontent.org/documentation/tutorials-english/69-templating-module-plugin-content/274-how-to-create-a-custom-layout-for-universal-content-module-and-other-flexicontent-modules.html' target='_blank'&gt;Custom templates HOW-TO&lt;/a&gt; &lt;/b&gt; &lt;/u&gt;" level="level3" class="alert alert-info fcpadded" />
			<field name="layout" type="fclayout" default="default" label="FLEXI_CHOOSE_TMPL"
				description="FLEXI_CHOOSE_TMPL_DESC" directory="/modules/mod_flexitagcloud/tmpl" ext_name="mod_flexitagcloud"
				hide_default="1" hide_none="1" stripext="1" filter="\.php$" exclude="^_"
				tmpl_container="mod_tmpl_layout" params_source="file"
				/> <!-- params_source="inline" -->

			<field name="" type="separator" default="FLEXI_BASIC_CONFIGURATION" level="level1" />

			<field name="min_size" type="text" default="1" label="FLEXI_MIN_SIZE" description="FLEXI_MIN_SIZE_DESC" />
			<field name="max_size" type="text" default="10" label="FLEXI_MAX_SIZE" description="FLEXI_MAX_SIZE_DESC" />
			<field name="count" type="text" default="25" label="FLEXI_COUNT" description="FLEXI_COUNT_DESC" />

			<field name="seo_mode" type="radio" default="1" label="FLEXI_SEO_MODE" description="FLEXI_SEO_MODE_DESC" class="btn-group btn-group-yesno">
				<option value="1">FLEXI_YES</option>
				<option value="0">FLEXI_NO</option>
			</field>
			<field name="force_itemid" type="text" default="" label="FLEXI_FORCE_ITEMID" description="FLEXI_FORCE_ITEMID_DESC" />

			<field name="" type="separator" default="FLEXI_CATEGORIES" level="level2" />
			<field name="" type="separator" default="Show tags of items in the following categories. &lt;br/&gt; &lt;b&gt;Current category&lt;/b&gt; is &lt;br/&gt;- either currently viewed category &lt;br/&gt;- or main category of the item currently viewed" level="level3" class="alert alert-info" />
			<field name="method" type="multilist" subtype="radio" default="1" label="FLEXI_CATEGORY" description="FLEXI_METHOD_DESC" toggle_related="1" class="btn-group btn-group-yesno" >
				<option value="0">FLEXI_ANY</option>
				<option value="1">FLEXI_CURRENT</option>
				<option value="2">FLEXI_EXCLUDE</option>
				<option value="3">FLEXI_INCLUDE</option>
			</field>
			<field name="categories" type="flexicategories" multiple="true" label="FLEXI_CATEGORIES" description="FLEXI_CATEGORIES_DESC" showon="method:2,3" />

			<field name="treeinclude" type="list" default="0" label="FLEXI_INCLUDE_EXTRACATS" description="..." showon="method:1,2,3">
				<option value="0">FLEXI_NONE</option>
				<option value="1">FLEXI_CHILDREN</option>
				<!--option value="5">FLEXI_CHILDREN_EXCLUDE_SELECTED_CATS</option-->
				<!--option value="2">FLEXI_ANCESTORS</option-->
				<!--option value="3">FLEXI_CHILDREN_ANCESTORS</option-->
				<!--option value="4">FLEXI_OTHER_CATS_OF_ITEM</option-->
			</field>

			<field name="" type="separator" default="FLEXI_TYPE" level="level2" />
			<field name="" type="separator" default="FLEXI_MOD_TAGS_LIMITING_TO_CURRENT_TYPE_ABOUT" level="level3" class="alert alert-info fcpadded" />
			<field name="method_types" type="multilist" subtype="radio" default="1" label="FLEXI_MOD_TAGS_LIMITING_TO_CURRENT_TYPE" description="FLEXI_MOD_TAGS_LIMITING_TO_CURRENT_TYPE_DESC" toggle_related="1" class="btn-group btn-group-yesno" inline_tip="FLEXI_MOD_TAGS_LIMITING_TO_CURRENT_TYPE_INFO" tip_img2="warning.png" inline_tip2="FLEXI_MOD_TAGS_LIMITING_TO_CURRENT_TYPE_DESC">
				<option value="0">FLEXI_NO</option>
				<option value="1">FLEXI_YES</option>
			</field>

		</fieldset>

		<fieldset name="FLEXI_MODULE_DISPLAYING_RULES" label="FLEXI_MODULE_DISPLAYING_RULES" description="FLEXI_MODULE_DISPLAYING_RULES_DESC">
			<field name="combine_show_rules" type="radio" default="AND" label="FLEXI_COMBINE_SHOW_RULES" description="FLEXI_COMBINE_SHOW_RULES_DESC" class="btn-group group-fcinfo">
				<option value="OR">FLEXI_OR</option>
				<option value="AND">FLEXI_AND</option>
			</field>

			<field name="" type="separator" default="FLEXI_MOD_CLIENTS" level="level2" />
			<field name="show_in_clients" type="fccheckbox" default=""
					checkoptions="FLEXI_MOD_DESKTOP,FLEXI_MOD_TABLET,FLEXI_MOD_MOBILE"
					checkvals="desktop,tablet,mobile"
					defaultvals="desktop,tablet,mobile"
					label="FLEXI_MOD_SHOW_IN_CLIENTS" description="FLEXI_MOD_SHOW_IN_CLIENTS_DESC"
			/>

			<field name="" type="separator" default="FLEXI_FLEXI_VIEW_RULES" level="level2" />
			<field name="show_in_views" type="fccheckbox" default=""
					checkoptions="FLEXI_CATEGORY_V,FLEXI_ITEM_V,FLEXI_FAVOURITES_V,FLEXI_TAGS_V,FLEXI_DIRECTORY_V,FLEXI_SEARCH_V,FLEXI_OTHERS_V"
					checkvals="category,item,favourites,tags,flexicontent,search,others"
					defaultvals="category,item,favourites,tags,flexicontent,search,others"
					label="FLEXI_SHOW_IN_VIEWS" description="FLEXI_SHOW_IN_VIEWS_DESC"
			/>

			<field name="" type="separator" default="FLEXI_PHP_EXPRESSION_RULE" level="level2" />
			<field name="enable_php_rule" type="multilist" subtype="radio" toggle_related="1" default="0" label="FLEXI_ENABLE_RULE" description="FLEXI_ENABLE_RULE_DESC" class="btn-group group-fcmethod">
				<option value="0" show_list="" hide_list="using_php_rule">FLEXI_NO</option>
				<option value="1" show_list="using_php_rule" hide_list="">FLEXI_YES</option>
			</field>
			<field name="php_rule" type="textarea" filter="\Joomla\CMS\Component\ComponentHelper::filterText" rows="5" cols="40" label="FLEXI_PHP_RULE_CODE" description="FLEXI_PHP_RULE_CODE_DESC" class="using_php_rule input-xxlarge" />

		</fieldset>

		<fieldset name="mod_tmpl_layout" label="FLEXI_MOD_TMPL_LAYOUT_OPTIONS" description="FLEXI_MOD_TMPL_LAYOUT_OPTIONS_DESC">
		</fieldset>

		<fieldset name="tags_view_items" label="FLEXI_PARAMETERS_TAGGED_ITEMS_VIEW_LEGACY" addfieldpath="/administrator/components/com_flexicontent/elements">

			<field name="" type="separator" default="FLEXI_MOD_TAGS_ABOUT_CONFIGURING_TAGS_VIEW" level="level3" class="alert alert-warning" />


			<field name="" type="separator" default="FLEXI_PARAMETERS_TAGS_VIEW_LEGACY" level="tabset_start" box_type="1" />
			<field name="" type="separator" default="FLEXI_FIELDS" icon_class="icon-signup" level="tab_open" box_type="1" />

			<field name="sep_image" type="separator" default="FLEXI_IMAGE" description="FLEXI_USE_IMAGE" level="level2" />
			<field name="use_image" type="multilist" subtype="radio" default="0" toggle_related="1" label="FLEXI_SHOW" description="..." class="btn-group btn-group-yesno">
				<option value="0" show_list="" hide_list="display_images">FLEXI_NO</option>
				<option value="1" show_list="display_images" hide_list="">FLEXI_YES</option>
			</field>
			<field name="image_source" type="fcimage" valcolumn="id" default="" label="FLEXI_IMAGE_SOURCE" description="FLEXI_IMAGE_SOURCE_DESC" class="display_images" />
			<field name="link_image" type="radio" default="1" label="FLEXI_LINK_IMAGE" description="FLEXI_LINK_IMAGE_DESC" class="display_images btn-group">
				<option value="0">FLEXI_NO</option>
				<option value="1">FLEXI_YES</option>
			</field>
			<field name="image_size" type="multilist" subtype="radio" default="" label="FLEXI_INTRO_IMAGE_SIZE" description="FLEXI_INTRO_IMAGE_SIZE_DESC" toggle_related="1" class="display_images btn-group">
				<option value=""  show_list="image_params" hide_list="">FLEXI_USE_PARAMS</option>
				<option value="s" show_list="" hide_list="image_params">FLEXI_SMALL</option>
				<option value="m" show_list="" hide_list="image_params">FLEXI_MEDIUM</option>
				<option value="l" show_list="" hide_list="image_params">FLEXI_LARGE</option>
			</field>
			<field name="image_width" type="text" size="5" default="90" label="FLEXI_IMAGE_WIDTH" description="FLEXI_IMAGE_WIDTH" class="display_images image_params" />
			<field name="image_height" type="text" size="5" default="90" label="FLEXI_IMAGE_HEIGHT" description="FLEXI_IMAGE_HEIGHT" class="display_images image_params" />
			<field name="image_method" type="radio" default="0" label="FLEXI_PROCESSING_METHOD" description="FLEXI_PROCESSING_METHOD" class="display_images image_params btn-group group-fcinfo">
				<option value="0">FLEXI_SCALE</option>
				<option value="1">FLEXI_CROP</option>
			</field>

			<field name="" type="separator" default="FLEXI_SHOWMODIFIED" description="FLEXI_SHOWMODIFIED_DESC" level="level2" />
			<field name="show_modify_date" type="multilist" subtype="radio"  toggle_related="1" default="0" label="FLEXI_SHOW" description="..." class="btn-group btn-group-yesno">
				<option value="0" show_list="" hide_list="disp_moddate">FLEXI_NO</option>
				<option value="1" show_list="disp_moddate" hide_list="">FLEXI_YES</option>
			</field>
			<field name="date_format" type="multilist" subtype="list" default="DATE_FORMAT_LC1" label="FLEXI_FIELD_DATE_FORMAT" toggle_related="1" description="FLEXI_FIELD_DATE_FORMAT_DESC"  class="disp_moddate">
				<option value="DATE_FORMAT_LC1" show_list="" hide_list="custom_moddate">DATE_FORMAT_LC1</option>
				<option value="DATE_FORMAT_LC2" show_list="" hide_list="custom_moddate">DATE_FORMAT_LC2</option>
				<option value="DATE_FORMAT_LC3" show_list="" hide_list="custom_moddate">DATE_FORMAT_LC3</option>
				<option value="DATE_FORMAT_LC4" show_list="" hide_list="custom_moddate">DATE_FORMAT_LC4</option>
				<option value="DATE_FORMAT_CUSTOM" show_list="custom_moddate" hide_list="">FLEXI_FIELD_CUSTOM_FORMAT</option>
			</field>
			<field name="custom_date" type="text" default="" label="FLEXI_FIELD_CUSTOM_FORMAT" description="FLEXI_FIELD_CUSTOM_FORMAT_DESC" class="disp_moddate custom_moddate" />

			<field name="" type="separator" default="FLEXI_EXTRA_FIELDS" description="FLEXI_EXTRA_FIELDS_DESC" level="level2" />
			<field name="use_fields" type="multilist" subtype="radio" default="0" toggle_related="1" label="FLEXI_SHOW" description="..." class="btn-group btn-group-yesno">
				<option value="0" show_list="" hide_list="disp_custom_flds">FLEXI_NO</option>
				<option value="1" show_list="disp_custom_flds" hide_list="">FLEXI_YES</option>
			</field>
			<field name="fields" type="textarea" cols="30" rows="3" default="" label="FLEXI_EXTRA_FIELDS_LIST" description="FLEXI_EXTRA_FIELDS_LIST_DESC" class="disp_custom_flds" />

			<field name="" type="separator" default="FLEXI_PAGINATION" icon_class="icon-stack" level="tab_open" box_type="1" />

			<field name="limit" type="text" size="4" default="10" label="FLEXI_NUM_PER_PAGE" description="FLEXI_NUM_PER_PAGE_DESC"/>
			<field name="show_pagination" type="radio" default="2" label="FLEXI_PAGINATION" description="FLEXI_PAGINATION_DESC" class="btn-group btn-group-yesno">
				<option value="0">FLEXI_HIDE</option>
				<option value="1">FLEXI_SHOW</option>
				<option value="2">Auto</option>
			</field>
			<field name="show_pagination_results" type="radio" default="1" label="FLEXI_PAGINATION_RES" description="FLEXI_PAGINATION_RES_DESC" class="btn-group btn-group-yesno">
				<option value="0">FLEXI_HIDE</option>
				<option value="1">FLEXI_SHOW</option>
			</field>

			<field name="" type="separator" default="FLEXI_SEO" icon_class="icon-bookmark" level="tab_open" box_type="1" />

			<field name="add_canonical" type="radio" default="" label="FLEXI_ADD_REL_CANONICAL" description="FLEXI_ADD_REL_CANONICAL_DESC" class="btn-group btn-group-yesno">
				<option value="">FLEXI_USE_GLOBAL</option>
				<option value="0">FLEXI_NO</option>
				<option value="1">FLEXI_YES</option>
			</field>

			<field name="" type="separator" default="FLEXI_ITEMS_ORDER" description="FLEXI_ITEMS_ORDER_DESC" icon_class="icon-shuffle" level="tab_open" box_type="1" />

			<field name="orderby" type="list" default="" label="FLEXI_PRIMARY_ORDER" description="FLEXI_PRIMARY_ORDER_DESC">
				<option value="">FLEXI_ORDER_DEFAUKT</option>
				<option value="date">FLEXI_ORDER_OLDEST_FIRST</option>
				<option value="rdate">FLEXI_ORDER_MOST_RECENT_FIRST</option>
				<option value="modified">FLEXI_ORDER_LAST_MODIFIED_FIRST</option>
				<option value="alpha">FLEXI_ORDER_TITLE_ALPHABETICAL</option>
				<option value="ralpha">FLEXI_ORDER_TITLE_ALPHABETICAL_REVERSE</option>
				<option value="author">FLEXI_ORDER_AUTHOR_ALPHABETICAL</option>
				<option value="rauthor">FLEXI_ORDER_AUTHOR_ALPHABETICAL_REVERSE</option>
				<option value="hits">FLEXI_ORDER_MOST_HITS</option>
				<option value="rhits">FLEXI_ORDER_LEAST_HITS</option>
				<option value="order">FLEXI_ORDER_CONFIGURED_ORDER</option>
			</field>
			<field name="orderbycustomfieldid" type="fields" exclude_field_type="toolbar,file,image" isnotcore="1" default="0" label="FLEXI_PRIMARY_ORDER_CUSTOM_FIELD_ID" description="FLEXI_PRIMARY_ORDER_CUSTOM_FIELD_ID_DESC" />
			<field name="orderbycustomfielddir" type="radio" default="ASC" label="FLEXI_PRIMARY_ORDER_CUSTOM_FIELD_DIR" description="..." class="btn-group group-fcinfo">
				<option value="ASC">FLEXI_ASC</option>
				<option value="DESC">FLEXI_DESC</option>
			</field>
			<field name="orderbycustomfieldint" type="radio" default="0" label="FLEXI_PRIMARY_ORDER_CUSTOM_FIELD_TYPE" description="..." class="btn-group group-fcinfo">
				<option value="0">FLEXI_TEXT</option>
				<option value="1">FLEXI_INTEGER</option>
				<option value="2">FLEXI_FLOAT</option>
				<option value="3">FLEXI_DATE</option>
			</field>

			<field name="" type="separator" default="FLEXI_FRONTEND_OVERRIDES" description="FLEXI_FRONTEND_OVERRIDES_DESC" icon_class="icon-cog" level="tab_open" box_type="1" />

			<field name="limit_override" type="radio" default="" label="FLEXI_NUM_PER_PAGE" description="FLEXI_NUM_PER_PAGE_DESC" class="btn-group btn-group-yesno">
				<option value="">FLEXI_USE_GLOBAL</option>
				<option value="0">FLEXI_NO</option>
				<option value="1">FLEXI_YES</option>
			</field>
			<field name="orderby_override" type="radio" default="" label="FLEXI_PRIMARY_ORDER" description="FLEXI_PRIMARY_ORDER_DESC" class="btn-group btn-group-yesno">
				<option value="">FLEXI_USE_GLOBAL</option>
				<option value="0">FLEXI_NO</option>
				<option value="1">FLEXI_YES</option>
			</field>
			<field name="" type="separator" default="FLEXI_AVAILABLE_OPTIONS" level="level3" />
			<field name="limit_options" type="text" default="" size="52" label="FLEXI_NUM_PER_PAGE_OPTIONS" description="FLEXI_NUM_PER_PAGE_OPTIONS_DESC" />
			<field name="orderby_options" type="fccheckbox" default="" display_useglobal="1"
				checkoptions="FLEXI_ORDER_DEFAULT_INITIAL,FLEXI_ORDER_OLDEST_FIRST,FLEXI_ORDER_MOST_RECENT_FIRST,FLEXI_ORDER_LAST_MODIFIED_FIRST, FLEXI_ORDER_TITLE_ALPHABETICAL,FLEXI_ORDER_TITLE_ALPHABETICAL_REVERSE,FLEXI_ORDER_AUTHOR_ALPHABETICAL,FLEXI_ORDER_AUTHOR_ALPHABETICAL_REVERSE, FLEXI_ORDER_MOST_HITS,FLEXI_ORDER_LEAST_HITS,FLEXI_ORDER_CONFIGURED_ORDER"
				checkvals="_preconfigured_,date,rdate,modified,alpha,ralpha,author,rauthor,hits,rhits,order" defaultvals=""
				label="FLEXI_PRIMARY_ORDER_OPTIONS" description="FLEXI_PRIMARY_ORDER_OPTIONS_DESC" />


			<!--field name="" type="separator" default="FLEXI_ALPHA_INDEX" description="FLEXI_ALPHA_INDEX_DESC" icon_class="icon-search" level="tab_open" box_type="1" />

			<field name="show_alpha" type="alphaindex" default="1" use_global="1" label="FLEXI_SHOW_ALPHA" description="FLEXI_SHOW_ALPHA_DESC" />
			<field name="alphacharacters" type="textarea" default="[default]=a,b,c,d,e,f,g,h,i,j,k,l,m,n,o,p,q,r,s,t,u,v,w,x,y,z!!0,1,2,3,4,5,6,7,8,9" label="FLEXI_CUSTOM_ALPHA_INDEX_CHARS" description="FLEXI_CUSTOM_ALPHA_INDEX_CHARS_DESC" rows="4" cols="30" />
			<field name="alphagrpcssclasses" type="textarea" default="letters!!numbers" label="FLEXI_CUSTOM_ALPHA_INDEX_GRPCSSCLASSES" description="FLEXI_CUSTOM_ALPHA_INDEX_GRPCSSCLASSES_DESC" rows="2" cols="30" />
			<field name="alphacharseparator" type="text" default="" label="FLEXI_CUSTOM_ALPHA_INDEX_SEPARATOR" description="FLEXI_CUSTOM_ALPHA_INDEX_SEPARATOR_DESC" />
			<field name="alphaaliases" type="text" default="" label="FLEXI_CUSTOM_ALPHA_INDEX_ALIASES" description="FLEXI_CUSTOM_ALPHA_INDEX_ALIASES_DESC" />
			<field name="alphaskipempty" type="radio" default="0" label="FLEXI_CUSTOM_ALPHA_SKIP_EMPTY" description="FLEXI_CUSTOM_ALPHA_SKIP_EMPTY_DESC" >
				<option value="0">FLEXI_NO</option>
				<option value="1">FLEXI_YES</option>
			</field-->

			<field name="" type="separator" default="FLEXI_TEXT_SEARCH" description="FLEXI_TEXT_SEARCH_DESC" icon_class="icon-search" level="tab_open" box_type="1" />

			<field name="use_search" type="radio" default="" label="FLEXI_SHOW_SEARCH" description="FLEXI_SHOW_SEARCH_DESC" class="btn-group btn-group-yesno">
				<option value="">FLEXI_USE_GLOBAL</option>
				<option value="0">FLEXI_NO</option>
				<option value="1">FLEXI_YES</option>
			</field>
			<field name="show_search_label" type="radio" default="" label="FLEXI_SEARCH_LABEL" description="FLEXI_SEARCH_LABEL_DESC" class="btn-group btn-group-yesno">
				<option value="">FLEXI_USE_GLOBAL</option>
				<option value="0">FLEXI_HIDE</option>
				<option value="1">FLEXI_SHOW</option>
			</field>
			<field name="show_search_tip" type="radio" default="" label="FLEXI_SEARCH_TIP" description="FLEXI_SEARCH_TIP_DESC" class="btn-group btn-group-yesno">
				<option value="">FLEXI_USE_GLOBAL</option>
				<option value="0">FLEXI_HIDE</option>
				<option value="1">FLEXI_SHOW</option>
			</field>

			<field name="show_search_go" type="radio" default="" label="FLEXI_SEARCH_GO_BUTTON" description="FLEXI_SEARCH_GO_BUTTON_DESC" class="btn-group btn-group-yesno">
				<option value="">FLEXI_USE_GLOBAL</option>
				<option value="0">FLEXI_HIDE</option>
				<option value="1">FLEXI_SHOW</option>
			</field>
			<field name="show_search_reset" type="radio" default="" label="FLEXI_SEARCH_RESET_BUTTON" description="FLEXI_SEARCH_RESET_BUTTON_DESC" class="btn-group btn-group-yesno">
				<option value="">FLEXI_USE_GLOBAL</option>
				<option value="0">FLEXI_HIDE</option>
				<option value="1">FLEXI_SHOW</option>
			</field>

		<field name="" type="separator" default="FLEXI_PARAMETERS_TAGS_VIEW_LEGACY" level="tabset_close" box_type="1" />

		</fieldset>

		<fieldset name="advanced">

			<field name="" type="separator" default="FLEXI_CACHING" level="level1" />
			<field name="cache" type="list" default="1" label="FLEXI_CACHING" description="FLEXI_CACHING_DESC">
				<option value="1">FLEXI_USE_GLOBAL</option>
				<option value="0">FLEXI_NO_CACHING</option>
			</field>
			<field name="cache_time" type="text" default="900" label="FLEXI_CACHE_TIME" description="FLEXI_CACHE_TIME_DESC" />

			<field name="" type="separator" default="CSS / JS" level="level1" />
			<field name="add_ccs" type="radio" default="" label="FLEXI_ADD_DEFAULT_CSS" description="FLEXI_ADD_DEFAULT_CSS_DESC" class="btn-group btn-group-yesno">
				<option value="">Use component setting</option>
				<option value="0">FLEXI_NO</option>
				<option value="1">FLEXI_YES</option>
				<option value="2">CSS links inside HTML (allows capturing)</option>
			</field>

			<field name="" type="separator" default="Module Container" level="level1" />
			<field name="moduleclass_sfx" type="text" default="" label="FLEXI_MODULE_CLASS_SUFFIX" description="FLEXI_MODULE_CLASS_SUFFIX_DESC" />

		</fieldset>

	</fields>
	</config>
</extension>