<?xml version="1.0" encoding="utf-8"?>
<!-- currently unused because J2.5 clears extra parameters during validation, instead this is/must copied inside the module XML file -->
<form>

	<name>mod_flexicontent - Carousel Layout</name>
	<author>ggppdk</author>
	<creationDate>August 2013</creationDate>
	<copyright>Copyright (C) 2013 ggppdk</copyright>
	<license>GNU/GPL v2</license>
	<authorEmail>flexicontentck@gmail.com</authorEmail>
	<authorUrl>www.flexicontent.org</authorUrl>
	<version>1.0</version>
	<description>Flexicontent Universal Content Module, CAROUSEL Layout</description>
	
	<fields name="params">
		
		<fieldset name="layout" addfieldpath="/administrator/components/com_flexicontent/elements">
			<field name="" type="separator" level="level3" default="NOTE: &lt;small&gt; &lt;br/&gt; -- ONLY standard items are placed inside the carousel. &lt;br/&gt; -- the featured items are display statically above the carousel. Set featured items to zero to only show items inside carousel &lt;/small&gt;" />
			
			<field name="" type="separator" default="Layout" level="level2" />
			<field name="carousel_mode" type="radio" default="horizontal" label="Direction" description="Description of scrolling">
				<option value="vertical">Vertical</option>
				<option value="horizontal">Horizontal</option>
			</field>
			
			<field name="" type="separator" default="Item dimensions (px)" level="level3" />
			<field name="carousel_padding_top_bottom" type="text" default="8" label="padding top/bottom" description="This is the padding applied at top and bottom of the items" />
			<field name="carousel_padding_left_right" type="text" default="12" label="padding left/right" description="This is the padding applied at left and right of the items" />
			<field name="carousel_border_width" type="text" default="1" label="border width" description="This is the border width applied around the items" />
			
			<field name="" type="separator" default="Horizontal Layout" level="level3" />
			<field name="carousel_hdir_item_width" type="text" default="250" label="item width (px)" description="Width of items when scrolling horizontally" />
			<field name="carousel_hdir_margin_right" type="text" default="12" label="item padding right (px)" description="This is the margin applied at right of items in a horizontal carousel" />
			
			<field name="" type="separator" default="Vertical Layout" level="level3" />
			<field name="carousel_vdir_items" type="text" default="2" label="# items" description="Number of items that will be displayed when scrolling vertically" />
			<field name="carousel_vdir_margin_bottom" type="text" default="6" label="item margin bottom (px)" description="This is the margin applied at bottom of items in a vertical carousel" />
			
			<field name="" type="separator" default="Thumbnails Buttons" level="level3" />
			<field name="carousel_show_handles" type="radio" default="1" label="Enable" description="Display One Thumbnail will be created per content item, and content will be accessible via click or mouseover">
				<option value="0">FLEXI_NO</option>
				<option value="1">FLEXI_YES</option>
			</field>
			<field name="carousel_handle_width" type="text" default="24" label="Width" description="This is the width of thumbnail image of each item" />
			<field name="carousel_handle_height" type="text" default="24" label="Height" description="This is the height of thumbnail image of each item" />
			<field name="carousel_handle_event" type="radio" default="mouseover" label="Activation Event" description="How the content item buttons get activated">
				<option value="mouseover">Mouse Over</option>
				<option value="click">Click</option>
			</field>
			
			<field name="" type="separator" default="Behaviour" level="level2" />
			<field name="carousel_autoplay" type="radio" default="1" label="Autoplay" description="Carousel will start playing after page loads">
				<option value="0">FLEXI_NO</option>
				<option value="1">FLEXI_YES</option>
			</field>
			<field name="carousel_duration" type="text" default="500" label="Change duration (ms)" description="Milliseconds that a carousel change will last" />
			<field name="carousel_interval" type="text" default="5000" label="Autoplay Interval (ms)" description="Milliseconds between autoplay steps" />
			
			<field name="" type="separator" default="Miscellaneous" level="level2" />
			<field name="carousel_show_controls" type="radio" default="0" label="Playback Controls" description="Carousel will display stop, previous, next, etc controls">
				<option value="0">FLEXI_NO</option>
				<option value="1">Intergrated (Horizontal Only)</option>
				<option value="2">Detached controls</option>
			</field>
			<field name="carousel_show_curritem_info" type="radio" default="0" label="Mini Information &lt;br/&gt;&lt;small&gt;(current item)&lt;/small&gt;" description="Carousel will one button per content item">
				<option value="0">FLEXI_NO</option>
				<option value="1">FLEXI_YES</option>
			</field>
		</fieldset>
		
	</fields>
	
</form>