<?xml version="1.0" encoding="utf-8"?>
<form>

	<name>mod_flexicontent - 'default' Layout</name>
	<author>ggppdk</author>
	<creationDate>August 2013</creationDate>
	<copyright>Copyright (C) 2013 ggppdk</copyright>
	<license>GNU/GPL v2</license>
	<authorEmail>flexicontentck@gmail.com</authorEmail>
	<authorUrl>www.flexicontent.org</authorUrl>
	<version>1.0</version>
	<description>Flexicontent Universal Content Module, 'default' Layout parameters</description>
	
	<fields name="params">
		
		<fieldset name="layout" addfieldpath="/administrator/components/com_flexicontent/elements">
			
			<field name="" type="separator" default="FLEXI_FIELD_ABOUT_SELECTED_LAYOUT_WITH_NO_PARAMS" level="level1" class="alert alert-info" />
			
		</fieldset>
		
	</fields>
	
</form>