<?xml version="1.0" encoding="utf-8" ?>
<access component="com_flexicontent">
	<section name="component">
		<!-- (a) Super User permission and (b) Component management permission -->
		<action name="core.admin" title="JAction_Admin" description="JACTION_ADMIN_COMPONENT_DESC" />
		<action name="core.options" title="JACTION_OPTIONS" description="JACTION_OPTIONS_COMPONENT_DESC" />
		<action name="core.manage" title="JAction_Manage" description="JACTION_MANAGE_COMPONENT_DESC" />

		<!-- CATEGORY-INHERITED PERMISSIONS -->
		<action name="core.create" title="FLEXI_PERMISSIONS_COMPONENT_INHERITED_CATEGORY_CREATE" description="FLEXI_PERMISSIONS_COMPONENT_INHERITED_CATEGORY_CREATE_DESC" />
		<action name="core.delete" title="FLEXI_PERMISSIONS_COMPONENT_INHERITED_CATEGORY_DELETE" description="FLEXI_PERMISSIONS_COMPONENT_INHERITED_CATEGORY_DELETE_DESC" />
		<action name="core.delete.own" title="FLEXI_PERMISSIONS_COMPONENT_INHERITED_CATEGORY_DELETE_OWN" description="FLEXI_PERMISSIONS_COMPONENT_INHERITED_CATEGORY_DELETE_OWN_DESC" />
		<action name="core.edit" title="FLEXI_PERMISSIONS_COMPONENT_INHERITED_CATEGORY_EDIT" description="FLEXI_PERMISSIONS_COMPONENT_INHERITED_CATEGORY_EDIT_DESC" />
		<action name="core.edit.own" title="FLEXI_PERMISSIONS_COMPONENT_INHERITED_CATEGORY_EDIT_OWN" description="FLEXI_PERMISSIONS_COMPONENT_INHERITED_CATEGORY_EDIT_OWN_DESC" />
		<action name="core.edit.state" title="FLEXI_PERMISSIONS_COMPONENT_INHERITED_CATEGORY_EDIT_STATE" description="FLEXI_PERMISSIONS_COMPONENT_INHERITED_CATEGORY_EDIT_STATE_DESC" />
		<action name="core.edit.state.own" title="FLEXI_PERMISSIONS_COMPONENT_INHERITED_CATEGORY_EDIT_STATE_OWN" description="FLEXI_PERMISSIONS_COMPONENT_INHERITED_CATEGORY_EDIT_STATE_OWN_DESC" />
		<action name="core.export" title="FLEXI_PERMISSIONS_EXPORT_CSV_FRONT" description="FLEXI_PERMISSIONS_EXPORT_CSV_FRONT_DESC" />

		<!-- ITEM EDIT FORM (Global only) -->
		<!-- Category / Tag usage -->
		<action name="flexicontent.multicat" title="FLEXI_PERMISSIONS_COMPONENT_ITEM_FORM_CATEGORY_TAGS_USAGE_ASSIGN_MULTIPLE_CATEGORIES" description="FLEXI_PERMISSIONS_COMPONENT_ITEM_FORM_CATEGORY_TAGS_USAGE_ASSIGN_MULTIPLE_CATEGORIES_DESC" />
		<action name="flexicontent.usercats" title="FLEXI_PERMISSIONS_COMPONENT_ITEM_FORM_CATEGORY_TAGS_USAGE_VIEW_UNAUTHORISED_CATEGORIES" description="FLEXI_PERMISSIONS_COMPONENT_ITEM_FORM_CATEGORY_TAGS_USAGE_VIEW_UNAUTHORISED_CATEGORIES_DESC" />
		<action name="flexicontent.usetags" title="FLEXI_PERMISSIONS_COMPONENT_ITEM_FORM_CATEGORY_TAGS_USAGE_EDIT_TAGS_ASSIGNEMENT" description="FLEXI_PERMISSIONS_COMPONENT_ITEM_FORM_CATEGORY_TAGS_USAGE_EDIT_TAGS_ASSIGEMENT_DESC" />
		<action name="flexicontent.createtags" title="FLEXI_PERMISSIONS_COMPONENT_ITEM_FORM_CATEGORY_TAGS_USAGE_CREATE_NEW_TAGS" description="FLEXI_PERMISSIONS_COMPONENT_ITEM_FORM_CATEGORY_TAGS_USAGE_CREATE_NEW_TAGS_DESC" />
		
		<!-- Category assignments (existing items)-->
		<action name="flexicontent.change.cat" title="FLEXI_PERMISSIONS_COMPONENT_EXISTING_ITEMS_CHANGE_MAIN_CATEGORY" description="FLEXI_PERMISSIONS_COMPONENT_EXISTING_ITEMS_CHANGE_MAIN_CATEGORY_DESC" />
		<action name="flexicontent.change.cat.sec" title="FLEXI_PERMISSIONS_COMPONENT_EXISTING_ITEMS_CHANGE_SECONDARY_CATEGORIES" description="FLEXI_PERMISSIONS_COMPONENT_EXISTING_ITEMS_CHANGE_SECONDARY_CATEGORIES_DESC" />
		<action name="flexicontent.change.cat.feat" title="FLEXI_PERMISSIONS_COMPONENT_EXISTING_ITEMS_CHANGE_FEATURED_CATEGORIES" description="FLEXI_PERMISSIONS_COMPONENT_EXISTING_ITEMS_CHANGE_FEATURED_CATEGORIES_DESC" />
		
		<!-- Various -->
		<action name="flexicontent.accesslevel" title="FLEXI_PERMISSIONS_COMPONENT_VARIOUS_EDIT_ACCESS_LEVEL" description="FLEXI_PERMISSIONS_COMPONENT_VARIOUS_EDIT_ACCESS_LEVEL_DESC" />
		<action name="flexicontent.editcreationdate" title="FLEXI_PERMISSIONS_COMPONENT_VARIOUS_EDIT_CREATION_DATE" description="FLEXI_PERMISSIONS_COMPONENT_VARIOUS_EDIT_CREATION_DATE_DESC" />
		<action name="flexicontent.editcreator" title="FLEXI_PERMISSIONS_COMPONENT_VARIOUS_EDIT_CREATOR_OWNER" description="FLEXI_PERMISSIONS_COMPONENT_VARIOUS_EDIT_CREATOR_OWNER_DESC" />
		<action name="flexicontent.editpublishupdown" title="FLEXI_PERMISSIONS_COMPONENT_VARIOUS_EDIT_PUBLISH_UP_DOWN" description="FLEXI_PERMISSIONS_COMPONENT_VARIOUS_EDIT_PUBLISH_UP_DOWN_DESC" />
		<action name="flexicontent.versioning" title="FLEXI_PERMISSIONS_COMPONENT_VARIOUS_USE_VERSIONS" description="FLEXI_PERMISSIONS_COMPONENT_VARIOUS_USE_VERSIONS_DESC" />
		
		<!-- ITEMs: WORKFLOW abilities -->
		<action name="flexicontent.assocanytrans" title="FLEXI_PERMISSIONS_COMPONENT_WORKFLOW_ASSOCIATE_ITEMS" description="FLEXI_PERMISSIONS_COMPONENT_WORKFLOW_ASSOCIATE_ITEMS_DESC" />
		<action name="flexicontent.displayallitems" title="FLEXI_PERMISSIONS_COMPONENT_WORKFLOW_LIST_ALL_ITEMS" description="FLEXI_PERMISSIONS_COMPONENT_WORKFLOW_LIST_ALL_ITEMS_DESC" />
		<action name="flexicontent.ignoreviewstate" title="FLEXI_PERMISSIONS_COMPONENT_WORKFLOW_LIST_ITEMS" description="FLEXI_PERMISSIONS_COMPONENT_WORKFLOW_LIST_ITEMS_DESC" />
		<action name="flexicontent.requestapproval" title="FLEXI_PERMISSIONS_COMPONENT_WORKFLOW_SEND_APPROVAL_REQUESTS" description="FLEXI_PERMISSIONS_COMPONENT_WORKFLOW_SEND_APPROVAL_REQUESTS_DESC" />
		<action name="flexicontent.autoapprovechanges" title="FLEXI_PERMISSIONS_COMPONENT_WORKFLOW_PUBLISH_CHANGES_EXISTING_ITEMS" description="FLEXI_PERMISSIONS_COMPONENT_WORKFLOW_PUBLISH_CHANGES_EXISTING_ITEMS_DESC" />
		
		<!-- Items manager -->
		<action name="flexicontent.copyitems" title="FLEXI_PERMISSIONS_COMPONENT_ITEMS_MANAGER_COPY_ITEMS" description="FLEXI_PERMISSIONS_COMPONENT_ITEMS_MANAGER_COPY_ITEMS_DESC" />
		<action name="flexicontent.orderitems" title="FLEXI_PERMISSIONS_COMPONENT_ITEMS_MANAGER_REORDER_ITEMS" description="FLEXI_PERMISSIONS_COMPONENT_ITEMS_MANAGER_REORDER_ITEMS_DESC" />
		
		<!-- VARIOUS management tabs -->
		<action name="flexicontent.managearchives" title="FLEXI_PERMISSIONS_COMPONENT_BACKEND_MANAGER_ARCHIVE_ITEMS" description="FLEXI_PERMISSIONS_COMPONENT_BACKEND_MANAGER_ARCHIVE_ITEMS_DESC" />
		<action name="flexicontent.managecats" title="FLEXI_PERMISSIONS_COMPONENT_BACKEND_MANAGER_CATEGORIES" description="FLEXI_PERMISSIONS_COMPONENT_BACKEND_MANAGER_CATEGORIES_DESC" />		
		<action name="flexicontent.managetypes" title="FLEXI_PERMISSIONS_COMPONENT_BACKEND_MANAGER_TYPES" description="FLEXI_PERMISSIONS_COMPONENT_BACKEND_MANAGER_TYPES_DESC" />
		<action name="flexicontent.managetags" title="FLEXI_PERMISSIONS_COMPONENT_BACKEND_MANAGER_TAGS" description="FLEXI_PERMISSIONS_COMPONENT_BACKEND_MANAGER_TAGS_DESC" />
		<action name="flexicontent.manageimport" title="FLEXI_PERMISSIONS_COMPONENT_BACKEND_MANAGER_IMPORT" description="FLEXI_PERMISSIONS_COMPONENT_BACKEND_MANAGER_IMPORT_DESC" />
		<action name="flexicontent.managetemplates" title="FLEXI_PERMISSIONS_COMPONENT_BACKEND_MANAGER_TEMPLATES" description="FLEXI_PERMISSIONS_COMPONENT_BACKEND_MANAGER_TEMPLATES_DESC" />
		<action name="flexicontent.managestats" title="FLEXI_PERMISSIONS_COMPONENT_BACKEND_MANAGER_STATISTICS" description="FLEXI_PERMISSIONS_COMPONENT_BACKEND_MANAGER_STATISTICS_DESC" />
		
		<!-- FIELDs: management tab -->
		<action name="flexicontent.managefields" title="FLEXI_PERMISSIONS_COMPONENT_FIELDS_MANAGER_ACCESS_FIELDS_MANAGER" description="FLEXI_PERMISSIONS_COMPONENT_FIELDS_MANAGER_ACCESS_FIELDS_MANAGER_DESC" />
		<action name="flexicontent.copyfields" title="FLEXI_PERMISSIONS_COMPONENT_FIELDS_MANAGER_COPY_FIELDS" description="FLEXI_PERMISSIONS_COMPONENT_FIELDS_MANAGER_COPY_FIELDS_DESC" />
		<action name="flexicontent.orderfields" title="FLEXI_PERMISSIONS_COMPONENT_FIELDS_MANAGER_REORDER_FIELDS" description="FLEXI_PERMISSIONS_COMPONENT_FIELDS_MANAGER_REORDER_FIELDS_DESC" />
		<action name="flexicontent.createfield" title="FLEXI_PERMISSIONS_COMPONENT_FIELDS_MANAGER_CREATE_FIELDS" description="FLEXI_PERMISSIONS_COMPONENT_FIELDS_MANAGER_CREATE_FIELDS_DESC" />
		<action name="flexicontent.editfieldvalues" title="FLEXI_PERMISSIONS_COMPONENT_FIELDS_MANAGER_EDIT_VALUES_IN_ITEM_FORM" description="FLEXI_PERMISSIONS_COMPONENT_FIELDS_MANAGER_EDIT_VALUES_IN_ITEM_FORM_DESC" />
		<action name="flexicontent.editfield" title="FLEXI_PERMISSIONS_COMPONENT_FIELDS_MANAGER_EDIT_FIELD_CONFIGURATION" description="FLEXI_PERMISSIONS_COMPONENT_FIELDS_MANAGER_EDIT_FIELD_CONFIGURATION_DESC" />
		<action name="flexicontent.publishfield" title="FLEXI_PERMISSIONS_COMPONENT_FIELDS_MANAGER_PUBLISH_FIELD" description="FLEXI_PERMISSIONS_COMPONENT_FIELDS_MANAGER_PUBLISH_FIELD_DESC" />
		<action name="flexicontent.deletefield" title="FLEXI_PERMISSIONS_COMPONENT_FIELDS_MANAGER_DELETE_FIELD" description="FLEXI_PERMISSIONS_COMPONENT_FIELDS_MANAGER_DELETE_FIELD_DSEC" />

		<!-- REVIEWS: management tab -->
		<action name="flexicontent.managereviews" title="FLEXI_PERMISSIONS_COMPONENT_REVIEWS_MANAGER_ACCESS" description="FLEXI_PERMISSIONS_COMPONENT_REVIEWS_MANAGER_ACCESS_DESC" />
		<action name="flexicontent.createreviews" title="FLEXI_PERMISSIONS_COMPONENT_REVIEWS_MANAGER_CREATE_NEW" description="FLEXI_PERMISSIONS_COMPONENT_REVIEWS_MANAGER_CREATE_NEW_DESC" />
		
		<!-- FILEs: management tab -->
		<action name="flexicontent.managefiles" title="FLEXI_PERMISSIONS_COMPONENT_FILES_MANAGER_ACCESS" description="FLEXI_PERMISSIONS_COMPONENT_FILES_MANAGER_ACCESS_DESC" />
		<action name="flexicontent.uploadfiles" title="FLEXI_PERMISSIONS_COMPONENT_FILES_MANAGER_UPLOAD_NEW_FILES" description="FLEXI_PERMISSIONS_COMPONENT_FILES_MANAGER_UPLOAD_NEW_FILES_DESC" />
		<action name="flexicontent.viewallfiles" title="FLEXI_PERMISSIONS_COMPONENT_FILES_MANAGER_VIEW_ALL_FILES" description="FLEXI_PERMISSIONS_COMPONENT_FILES_MANAGER_VIEW_ALL_FILES_DESC" />
		
		<action name="flexicontent.editfile" title="FLEXI_PERMISSIONS_COMPONENT_FILES_MANAGER_EDIT_FILES" description="FLEXI_PERMISSIONS_COMPONENT_FILES_MANAGER_EDIT_FILES_DESC" />
		<action name="flexicontent.publishfile" title="FLEXI_PERMISSIONS_COMPONENT_FILES_MANAGER_PUBLISH_FILES" description="FLEXI_PERMISSIONS_COMPONENT_FILES_MANAGER_PUBLISH_FILES_DESC" />
		<action name="flexicontent.deletefile" title="FLEXI_PERMISSIONS_COMPONENT_FILES_MANAGER_DELETE_FILES" description="FLEXI_PERMISSIONS_COMPONENT_FILES_MANAGER_DELETE_FILES_DESC" />
		
		<action name="flexicontent.editownfile" title="FLEXI_PERMISSIONS_COMPONENT_FILES_MANAGER_DELETE_OWN_FILES" description="FLEXI_PERMISSIONS_COMPONENT_FILES_MANAGER_DELETE_OWN_FILES_DESC" />
		<action name="flexicontent.publishownfile" title="FLEXI_PERMISSIONS_COMPONENT_FILES_MANAGER_PUBLISH_OWN_FILES" description="FLEXI_PERMISSIONS_COMPONENT_FILES_MANAGER_PUBLISH_OWN_FILES_DESC" />
		<action name="flexicontent.deleteownfile" title="FLEXI_PERMISSIONS_COMPONENT_FILES_MANAGER_DELETE_OWN_FILES" description="FLEXI_PERMISSIONS_COMPONENT_FILES_MANAGER_DELETE_OWN_FILES_DESC" />
		
	</section>

	<section name="category">
		<action name="core.create" title="FLEXI_PERMISSIONS_CATEGORY_CREATE" description="FLEXI_PERMISSIONS_CATEGORY_CREATE_DESC" />
		<action name="core.delete" title="FLEXI_PERMISSIONS_CATEGORY_DELETE" description="FLEXI_PERMISSIONS_CATEGORY_DELETE_DESC" />
		<action name="core.delete.own" title="FLEXI_PERMISSIONS_CATEGORY_DELETE_OWN" description="FLEXI_PERMISSIONS_CATEGORY_DELETE_OWN_DESC" />
		<action name="core.edit" title="FLEXI_PERMISSIONS_CATEGORY_EDIT" description="FLEXI_PERMISSIONS_CATEGORY_EDIT_DESC" />
		<action name="core.edit.own" title="FLEXI_PERMISSIONS_CATEGORY_EDIT_OWN" description="FLEXI_PERMISSIONS_CATEGORY_EDIT_OWN_DESC" />
		<action name="core.edit.state" title="FLEXI_PERMISSIONS_CATEGORY_EDIT_STATE" description="FLEXI_PERMISSIONS_CATEGORY_EDIT_STATE_DESC" />
		<action name="core.edit.state.own" title="FLEXI_PERMISSIONS_CATEGORY_EDIT_STATE_OWN" description="FLEXI_PERMISSIONS_CATEGORY_EDIT_STATE_OWN_DESC" />
		<action name="core.export" title="FLEXI_PERMISSIONS_EXPORT_CSV_FRONT" description="FLEXI_PERMISSIONS_EXPORT_CSV_FRONT_DESC" />
	</section>

	<section name="article">
		<action name="core.delete" title="FLEXI_PERMISSIONS_ARTICLE_DELETE_THIS_ITEM" description="FLEXI_PERMISSIONS_ARTICLE_DELETE_THIS_ITEM_DESC" />
		<action name="core.delete.own" title="FLEXI_PERMISSIONS_ARTICLE_DELETE_THIS_IF_OWN" description="FLEXI_PERMISSIONS_ARTICLE_DELETE_THIS_IF_OWN_DESC" />
		<action name="core.edit" title="FLEXI_PERMISSIONS_ARTICLE_EDIT_THIS_ITEM" description="FLEXI_PERMISSIONS_ARTICLE_EDIT_THIS_ITEM_DESC" />
		<action name="core.edit.own" title="FLEXI_PERMISSIONS_ARTICLE_EDIT_THIS_IF_OWN" description="FLEXI_PERMISSIONS_ARTICLE_EDIT_THIS_IF_OWN_DESC" />
		<action name="core.edit.state" title="FLEXI_PERMISSIONS_ARTICLE_PUBLISH_THIS_ITEM" description="FLEXI_PERMISSIONS_ARTICLE_PUBLISH_THIS_ITEM_DESC" />
		<action name="core.edit.state.own" title="FLEXI_PERMISSIONS_ARTICLE_PUBLISH_THIS_IF_OWN" description="FLEXI_PERMISSIONS_ARTICLE_PUBLISH_THIS_IF_OWN_DESC" />
	</section>
	
	
	<section name="field">
		<action name="flexicontent.editfieldvalues" title="FLEXI_PERMISSIONS_FIELDS_EDIT_VALUES_IN_FORM" description="FLEXI_PERMISSIONS_FIELDS_EDIT_VALUES_IN_FORM_DESC" />
		<action name="flexicontent.editfield" title="FLEXI_PERMISSIONS_FIELDS_EDIT_FIELD_CONFIGURATION" description="FLEXI_PERMISSIONS_FIELDS_EDIT_FIELD_CONFIGURATION_DESC" />
		<action name="flexicontent.deletefield" title="FLEXI_PERMISSIONS_FIELDS_DELETE_FIELD" description="FLEXI_PERMISSIONS_FIELDS_DELETE_FIELD_DESC" />
		<action name="flexicontent.publishfield" title="FLEXI_PERMISSIONS_FIELDS_PUBLISH_FIELD" description="FLEXI_PERMISSIONS_FIELDS_PUBLISH_FIELD_DESC" />
	</section>
	
	
	<section name="type">
		<action name="core.create" title="FLEXI_PERMISSIONS_TYPE_CREATE_ITEMS" description="FLEXI_PERMISSIONS_TYPE_CREATE_ITEMS_DESC" />
		<!--action name="core.edit" title="FLEXI_PERMISSIONS_TYPE_EDIT_ITEMS" description="FLEXI_PERMISSIONS_TYPE_EDIT_ITEMS_DESC" /-->
		<!--action name="core.edit.state" title="FLEXI_PERMISSIONS_TYPE_EDIT_STATE_ITEMS" description=""FLEXI_PERMISSIONS_TYPE_EDIT_STATE_ITEMS_DESC /-->
		<!--action name="core.edit.state.own" title="FLEXI_PERMISSIONS_TYPE_EDIT_STATE_OWNED_ITEMS" description="FLEXI_PERMISSIONS_TYPE_EDIT_STATE_OWNED_ITEMS_DESC" /-->
		<!--action name="core.delete" title="FLEXI_PERMISSIONS_TYPE_DELETE_ITEMS" description="FLEXI_PERMISSIONS_TYPE_DELETE_ITEMS_DESC" /-->
		<!--action name="core.delete.own" title="FLEXI_PERMISSIONS_TYPE_DELETE_OWNED_ITEMS" description="FLEXI_PERMISSIONS_TYPE_DELETE_OWNED_ITEMS_DESC" /-->
		<action name="flexicontent.change.cat" title="FLEXI_PERMISSIONS_TYPE_CHANGE_CATEGORY_ASSIGNEMENT" description="FLEXI_PERMISSIONS_TYPE_CHANGE_CATEGORY_ASSIGNEMENT_DESC" />
		<action name="flexicontent.change.cat.sec" title="FLEXI_PERMISSIONS_TYPE_CHANGE_SECUNDARY_CATEGORY_ASSIGNEMENT" description="FLEXI_PERMISSIONS_TYPE_CHANGE_SECUNDARY_CATEGORY_ASSIGNEMENT_DESC" />
		<action name="flexicontent.change.cat.feat" title="FLEXI_PERMISSIONS_TYPE_CHANGE_FEATURED_CATEGORY_ASSIGNEMENT" description="FLEXI_PERMISSIONS_TYPE_CHANGE_FEATURED_CATEGORY_ASSIGNEMENT_DESC" />
	</section>
	
	
	
</access>
