<?xml version="1.0" encoding="utf-8"?>
<extension type="module" version="3.7.0" client="site" method="upgrade">
	<name>mod_flexicontent</name>
	<author>Emmanuel Danan, Georgios Papadakis, Yannick Berges, others, see contributor page</author>
	<creationDate>12/05/2020</creationDate>
	<copyright>(C) 2020 flexicontent.org</copyright>
	<license>http://www.gnu.org/licenses/gpl-3.0.html GNU/GPL</license>
	<authorEmail>info@flexicontent.org</authorEmail>
	<authorUrl>http://www.flexicontent.org</authorUrl>
	<version>3.4.0</version>
	<description>MOD_FLEXICONTENT_XML_DESCRIPTION</description>

	<files>
		<filename module="mod_flexicontent">mod_flexicontent.php</filename>
		<filename>index.html</filename>
		<filename>helper.php</filename>
		<folder>elements</folder>
		<folder>classes</folder>
		<folder>builder</folder>
		<folder>tmpl</folder>
		<folder>tmpl_common</folder>
	</files>

	<languages>
		<language tag="en-GB">language/en-GB.mod_flexicontent.ini</language>
		<language tag="en-GB">language/en-GB.mod_flexicontent.sys.ini</language>
	</languages>

	<config>
	<inlinehelp button="show"/>
	<fields name="params" addfieldpath="/modules/mod_flexicontent/elements">

		<fieldset name="basic">

	<field name="" type="separator" default="Display Tabset" description="" level="tabset_start" tab_class="s-fake" box_type="1" />

	<field name="" type="separator" default="Basic" description="" icon_class="icon-home" level="tab_open" box_type="1" />

			<field name="" type="separator" default="FLEXI_TEMPLATE_LAYOUT" level="level1" />
			<field name="layout" type="fclayout" default="news" label="FLEXI_CHOOSE_TMPL"
				description="FLEXI_CHOOSE_TMPL_DESC" directory="/modules/mod_flexicontent/tmpl" ext_name="mod_flexicontent"
				hide_default="1" hide_none="1" stripext="1" filter="\.php$" exclude="^_"
				tmpl_container="tabset_attrs_0_nav_4" params_source="file"
				/> <!-- params_source="inline" -->
			<field name="" type="separator" default="Please set layout parameters in &lt;b&gt;Layout: ... TAB&lt;/b&gt;. CSS/HTML developers please read: &lt;u&gt;&lt;b&gt; &lt;a href='https://www.flexicontent.org/documentation/tutorials-english/69-templating-module-plugin-content/274-how-to-create-a-custom-layout-for-universal-content-module-and-other-flexicontent-modules.html' target='_blank'&gt;Custom templates HOW-TO&lt;/a&gt; &lt;/b&gt; &lt;/u&gt;" level="level3" class="alert alert-info fcpadded" />

			<field name="" type="separator" default="FLEXI_UMOD_FEATURED_STANDARD_ITEMS" level="level2" />
			<field name="count" type="text" filter="int" default="5" size="3" label="FLEXI_UMOD_COUNT_TOTAL" description="FLEXI_UMOD_COUNT_TOTAL_DESC" />
			<field name="count_feat" type="text" filter="int" default="1" size="3" label="FLEXI_UMOD_COUNT_FEATURED" description="FLEXI_UMOD_COUNT_FEATURED_DESC" />
			<field name="count_std" type="text" filter="unset" readonly="readonly" disabled="disabled" default="Total - Featured" size="3" label="FLEXI_UMOD_COUNT_STANDARD" description="FLEXI_UMOD_COUNT_STANDARD_DESC" />
			<field name="" type="separator" default="NOTE: to list items with FEATURED FLAG, please go to TAB 'Select Items' and find scope 'Joomla Featured FLAG'" level="level3" class="alert alert-success fcpadded" />

			<field name="" type="separator" default="FLEXI_MENU_ITEM" level="level1" />
			<field name="itemid_force" type="multilist" subtype="radio" default="0" label="FLEXI_MOD_FORCE_MENU_ITEMID" description="FLEXI_MOD_FORCE_MENU_ITEMID_DESC" toggle_related="1" class="btn-group group-fcmethod">
				<option value="0" show_list="" hide_list="specific_itemid">FLEXI_NO</option>
				<option value="1" show_list="" hide_list="specific_itemid">FLEXI_MOD_CURRENT</option>
				<option value="2" show_list="specific_itemid" hide_list="">FLEXI_MOD_SPECIFIC</option>
			</field>
			<field name="itemid_force_value" type="fcmenuitem" default="" component="com_flexicontent" label="FLEXI_MOD_SPECIFIC_MENU_ITEMID" description="FLEXI_MOD_SPECIFIC_MENU_ITEMID_DESC" class="specific_itemid">
				<option value="">FLEXI_SELECT</option>
			</field>


		<field name="" type="separator" default="FLEXI_MODULE_DISPLAYING_RULES" description="FLEXI_MODULE_DISPLAYING_RULES_DESC" icon_class="icon-eye" level="tab_open" box_type="1" />

			<field name="combine_show_rules" type="radio" default="AND" label="FLEXI_COMBINE_SHOW_RULES" description="FLEXI_COMBINE_SHOW_RULES_DESC" class="btn-group group-fcinfo">
				<option value="OR">FLEXI_OR</option>
				<option value="AND">FLEXI_AND</option>
			</field>

			<field name="" type="separator" default="FLEXI_MOD_CLIENTS" level="level2" />
			<field name="" type="separator" default="FLEXI_EXT_SHOW_HIDE_JCACHE_CONF_NOTE" level="level3" class="alert alert-info fcpadded" />
			<field name="show_in_clients" type="fccheckbox" default=""
					checkoptions="FLEXI_MOD_DESKTOP,FLEXI_MOD_TABLET,FLEXI_MOD_MOBILE"
					checkvals="desktop,tablet,mobile"
					defaultvals="desktop,tablet,mobile"
					label="FLEXI_MOD_SHOW_IN_CLIENTS" description="FLEXI_MOD_SHOW_IN_CLIENTS_DESC"
			/>

			<field name="" type="separator" default="FLEXI_FLEXI_VIEW_RULES" level="level2" />
			<field name="show_in_views" type="fccheckbox" default=""
					checkoptions="FLEXI_CATEGORY_V,FLEXI_ITEM_V,FLEXI_FAVOURITES_V,FLEXI_TAGS_V,FLEXI_DIRECTORY_V,FLEXI_SEARCH_V,FLEXI_OTHERS_V"
					checkvals="category,item,favourites,tags,flexicontent,search,others"
					defaultvals="category,item,favourites,tags,flexicontent,search,others"
					label="FLEXI_SHOW_IN_VIEWS" description="FLEXI_SHOW_IN_VIEWS_DESC"
			/>

			<field name="" type="separator" default="FLEXI_PHP_EXPRESSION_RULE" level="level2" />
			<field name="enable_php_rule" type="multilist" subtype="radio" toggle_related="1" default="0" label="FLEXI_ENABLE_RULE" description="FLEXI_ENABLE_RULE_DESC" class="btn-group group-fcmethod">
				<option value="0" show_list="" hide_list="using_php_rule">FLEXI_NO</option>
				<option value="1" show_list="using_php_rule" hide_list="">FLEXI_YES</option>
			</field>
			<field name="php_rule" type="textarea" filter="\Joomla\CMS\Component\ComponentHelper::filterText" rows="5" cols="40" label="FLEXI_PHP_RULE_CODE" description="FLEXI_PHP_RULE_CODE_DESC" class="using_php_rule input-xxlarge" />


	<field name="" type="separator" default="Items List" description="" icon_class="icon-grid-2" level="tab_open" box_type="1" />

		<field name="" type="separator" default="Items List Tabset" description="" level="tabset_start" tab_class="s-fake" box_type="1" />

		<field name="" type="separator" default="FLEXI_ITEM_LIST_HEADER_OPTIONS" description="" icon_class="icon-info" level="tab_open" box_type="1" />
		<field name="" type="separator" default="FLEXI_ITEM_LIST_HEADER_OPTIONS_DESC" level="level3" class="alert alert-info fcpadded" />

			<field name="" type="separator" default="FLEXI_UMOD_STATISTICS" level="level1" />

			<field name="show_found_items" type="multilist" subtype="radio" toggle_related="1" default="0" label="FLEXI_UMOD_SHOW_TOTAL_ITEMS" description="FLEXI_UMOD_SHOW_TOTAL_ITEMS_DESC" class="btn-group btn-group-yesno" inline_text="FLEXI_UMOD_ABOUT_TOTAL_NEXT_TO_TITLE" text_class="fc-mssg-inline fc-info fc-small total_next_to_title">
				<option value="0" show_list="" hide_list="total_next_to_title">FLEXI_NO</option>
				<option value="1" show_list="" hide_list="total_next_to_title">FLEXI_UMOD_YES_SEPARATE_LINE</option>
				<option value="2" show_list="total_next_to_title" hide_list="">FLEXI_UMOD_YES_NEXT_TO_TITILE</option>
			</field>

			<field name="" type="separator" default="FLEXI_CATS" level="level1" />
			<field name="" type="separator" default="FLEXI_ITEM_LIST_HEADER_OPTIONS_PER_CATEGORY_INFO" level="level3" class="alert alert-info fcpadded" />

			<field name="apply_config_per_category" type="multilist" subtype="radio" toggle_related="1" default="0" label="FLEXI_MOD_APPLY_CON_PER_CAT" description="FLEXI_MOD_APPLY_CON_PER_CAT_DESC" class="btn-group group-fcmethod">
				<option value="0" show_list="" hide_list="confpercat">FLEXI_NO</option>
				<option value="1" show_list="confpercat" hide_list="">FLEXI_YES</option>
			</field>
			<field name="skip_category_if_noitems" type="radio" default="0" label="FLEXI_MOD_SKIP_CATEGORY_IF_NOITEMS" description="FLEXI_MOD_SKIP_CATEGORY_IF_NOITEMS_DESC" class="confpercat btn-group">
				<option value="0">FLEXI_NO</option>
				<option value="1">FLEXI_YES</option>
			</field>
			<field name="cats_orderby" type="list" default="order" label="FLEXI_CATEGORY_ORDER" description="FLEXI_CATEGORY_ORDER_DESC" class="confpercat">
				<option value="">FLEXI_USE_GLOBAL</option>
				<option value="date">FLEXI_ORDER_OLDEST_FIRST</option>
				<option value="rdate">FLEXI_ORDER_MOST_RECENT_FIRST</option>
				<option value="modified">FLEXI_ORDER_LAST_MODIFIED_FIRST</option>
				<option value="alpha">FLEXI_ORDER_TITLE_ALPHABETICAL</option>
				<option value="ralpha">FLEXI_ORDER_TITLE_ALPHABETICAL_REVERSE</option>
				<option value="author">FLEXI_ORDER_AUTHOR_ALPHABETICAL</option>
				<option value="rauthor">FLEXI_ORDER_AUTHOR_ALPHABETICAL_REVERSE</option>
				<option value="hits">FLEXI_ORDER_MOST_HITS</option>
				<option value="rhits">FLEXI_ORDER_LEAST_HITS</option>
				<option value="order">FLEXI_ORDER_CONFIGURED_ORDER_CAT</option>
			</field>

			<field name="" type="separator" default="FLEXI_CATS_INFO" level="level2" class="confpercat" />

			<field name="" type="separator" default="FLEXI_TITLE" level="level3" class="confpercat" />
			<field name="cats_showtitle" type="multilist" subtype="radio" toggle_related="1" default="0" label="FLEXI_SHOW_CAT_TITLE" description="FLEXI_SHOW_CAT_TITLE_DESC" class="confpercat btn-group">
				<option value="0" show_list="" hide_list="cattitle">FLEXI_NO</option>
				<option value="1" show_list="cattitle" hide_list="">FLEXI_YES</option>
			</field>
			<field name="cats_link_title" type="radio" default="0" label="FLEXI_CAT_LINK_TITLE" description="FLEXI_CAT_LINK_TITLE_DESC" class="confpercat cattitle btn-group">
				<option value="0">FLEXI_NO</option>
				<option value="1">FLEXI_YES</option>
			</field>
			<field name="cats_cuttitle" type="text" default="40" size="4" label="FLEXI_MAX_TITLE_LENGTH" description="FLEXI_MAX_TITLE_LENGTH_DESC" class="confpercat cattitle"/>

			<field name="" type="separator" default="FLEXI_DESCRIPTION" level="level3" class="confpercat" />
			<field name="cats_showdescr" type="multilist" subtype="radio" toggle_related="1" default="0" label="FLEXI_SHOW_CAT_DESCR" description="FLEXI_SHOW_CAT_DESCR_DESC" class="confpercat btn-group">
				<option value="0" show_list="" hide_list="cats_desc">FLEXI_NO</option>
				<option value="1" show_list="cats_desc" hide_list="">FLEXI_YES</option>
			</field>
			<field name="cats_do_cutdescr" type="multilist" subtype="radio" toggle_related="1" default="1" label="FLEXI_STRIP_HTML_N_CUT" description="FLEXI_STRIP_HTML_N_CUT_DESC" class="confpercat cats_desc btn-group">
				<option value="0" show_list="" hide_list="cats_do_cutdescr">FLEXI_NO</option>
				<option value="1" show_list="cats_do_cutdescr" hide_list="">FLEXI_YES</option>
			</field>
			<field name="cats_cutdescr" type="text" size="4" default="100" label="FLEXI_CUT_INTRO" description="FLEXI_CUT_INTRO_DESC" class="confpercat cats_desc cats_do_cutdescr" />
			<field name="cats_readmore" type="radio" default="1" label="FLEXI_SHOW_READMORE_CATITEMS" description="FLEXI_SHOW_READMORE_CATITEMS_DESC" class="confpercat btn-group">
				<option value="0">FLEXI_NO</option>
				<option value="1">FLEXI_YES</option>
			</field>

			<field name="" type="separator" default="FLEXI_IMAGE" level="level3" class="confpercat" />
			<field name="cats_show_image" type="multilist" subtype="radio" toggle_related="1" default="0" label="FLEXI_SHOW_CATIMAGE" description="FLEXI_SHOW_CATIMAGE_DESC" class="confpercat btn-group">
				<option value="0" show_list="" hide_list="cat_image">FLEXI_NO</option>
				<option value="1" show_list="cat_image" hide_list="">FLEXI_YES</option>
			</field>
			<field name="cats_image_source" type="radio" default="0" label="FLEXI_CATIMAGE_SOURCE" description="FLEXI_CATIMAGE_SOURCE_DESC" class="confpercat cat_image btn-group group-fcinfo">
				<option value="0">FLEXI_CAT_IMAGE_EXTRACT</option>
				<option value="1">FLEXI_CAT_IMAGE_USEPARAM</option>
				<option value="2">FLEXI_CAT_IMAGE_BOTH</option>
			</field>
			<field name="cats_link_image" type="radio" default="0" label="FLEXI_CAT_LINK_IMAGE" description="FLEXI_CAT_LINK_IMAGE_DESC" class="confpercat cat_image btn-group">
				<option value="0">FLEXI_NO</option>
				<option value="1">FLEXI_YES</option>
			</field>
			<field name="cats_image_method" type="radio" default="1" label="FLEXI_PROCESSING_METHOD" description="FLEXI_PROCESSING_METHOD" class="confpercat cat_image btn-group group-fcinfo">
				<option value="0">FLEXI_SCALE</option>
				<option value="1">FLEXI_CROP</option>
			</field>
			<field name="cats_image_width" type="text" size="5" default="110" label="FLEXI_IMAGE_WIDTH" description="FLEXI_IMAGE_WIDTH" class="confpercat cat_image"/>
			<field name="cats_image_height" type="text" size="5" default="110" label="FLEXI_IMAGE_HEIGHT" description="FLEXI_IMAGE_HEIGHT" class="confpercat cat_image" />

		 <field name="" type="separator" default="FLEXI_CURRCAT" level="level1" class="confpercat" />

			<field name="currcat_custom_display" type="multilist" subtype="radio" toggle_related="1" default="0" label="FLEXI_CURRCAT_CUSTOM_DISPLAY" description="FLEXI_CURRCAT_CUSTOM_DISPLAY_DESC" class="confpercat btn-group group-fcmethod fcoffactive" >
				<option value="0" show_list="" hide_list="currcat">FLEXI_NO</option>
				<option value="1" show_list="currcat" hide_list="">FLEXI_YES</option>
			</field>
			<field name="currcat_source" type="radio" default="0" label="Current category is" description="Select which category is considered current category" class="confpercat currcat btn-group group-fcinfo" >
				<option value="0">Category of Item in item view</option>
				<option value="1">Active Category in category view</option>
				<option value="2">Both</option>
			</field>
			<field name="currcat_fallback_maincat" type="radio" default="0" label="FLEXI_FALLBACK_MAINCAT" description="FLEXI_FALLBACK_MAINCAT_DESC" class="confpercat currcat btn-group">
				<option value="0">FLEXI_NO</option>
				<option value="1">FLEXI_YES</option>
			</field>

			<field name="" type="separator" default="FLEXI_CURRCAT_INFO" level="level2" class="confpercat currcat" />

			<field name="" type="separator" default="FLEXI_TITLE" level="level3" class="confpercat currcat" />
			<field name="currcat_showtitle" type="multilist" subtype="radio" toggle_related="1" default="0" label="FLEXI_SHOW_CAT_TITLE" description="FLEXI_SHOW_CAT_TITLE_DESC" class="confpercat currcat btn-group">
				<option value="0" show_list="" hide_list="currcat_title">FLEXI_NO</option>
				<option value="1" show_list="currcat_title" hide_list="">FLEXI_YES</option>
			</field>
			<field name="currcat_link_title" type="radio" default="0" label="FLEXI_CAT_LINK_TITLE" description="FLEXI_CAT_LINK_TITLE_DESC" class="confpercat currcat currcat_title btn-group">
				<option value="0">FLEXI_NO</option>
				<option value="1">FLEXI_YES</option>
			</field>
			<field name="currcat_cuttitle" type="text" default="20" size="4" label="FLEXI_MAX_TITLE_LENGTH" description="FLEXI_MAX_TITLE_LENGTH_DESC" class="confpercat currcat currcat_title"/>

			<field name="" type="separator" default="FLEXI_DESCRIPTION" level="level3" class="confpercat currcat" />
			<field name="currcat_showdescr" type="multilist" subtype="radio" toggle_related="1" default="0" label="FLEXI_SHOW_CAT_DESCR" description="FLEXI_SHOW_CAT_DESCR_DESC" class="confpercat currcat btn-group">
				<option value="0" show_list="" hide_list="currcat_desc">FLEXI_NO</option>
				<option value="1" show_list="currcat_desc" hide_list="">FLEXI_YES</option>
			</field>
			<field name="currcat_do_cutdescr" type="multilist" subtype="radio" toggle_related="1" default="1" label="FLEXI_STRIP_HTML_N_CUT" description="FLEXI_STRIP_HTML_N_CUT_DESC" class="confpercat currcat_desc btn-group">
				<option value="0" show_list="" hide_list="currcat_do_cutdescr">FLEXI_NO</option>
				<option value="1" show_list="currcat_do_cutdescr" hide_list="">FLEXI_YES</option>
			</field>
			<field name="currcat_cutdescr" type="text" size="4" default="100" label="FLEXI_CUT_INTRO" description="FLEXI_CUT_INTRO_DESC" class="confpercat currcat currcat_desc currcat_do_cutdescr" />
			<field name="currcat_readmore" type="radio" default="1" label="FLEXI_SHOW_READMORE_CATITEMS" description="FLEXI_SHOW_READMORE_CATITEMS_DESC" class="confpercat currcat btn-group">
				<option value="0">FLEXI_NO</option>
				<option value="1">FLEXI_YES</option>
			</field>

			<field name="" type="separator" default="FLEXI_IMAGE" level="level3" class="confpercat currcat" />
			<field name="currcat_show_image" type="multilist" subtype="radio" toggle_related="1" default="0" label="FLEXI_SHOW_CATIMAGE" description="FLEXI_SHOW_CATIMAGE_DESC" class="confpercat currcat btn-group">
				<option value="0" show_list="" hide_list="currcat_image">FLEXI_NO</option>
				<option value="1" show_list="currcat_image" hide_list="">FLEXI_YES</option>
			</field>
			<field name="currcat_image_source" type="list" default="0" label="FLEXI_IMAGE_SOURCE" description="FLEXI_IMAGE_SOURCE_DESC" class="confpercat currcat currcat_image">
				<option value="0">FLEXI_CAT_IMAGE_EXTRACT</option>
				<option value="1">FLEXI_CAT_IMAGE_USEPARAM</option>
				<option value="2">FLEXI_CAT_IMAGE_BOTH</option>
			</field>
			<field name="currcat_link_image" type="radio" default="0" label="FLEXI_CAT_LINK_IMAGE" description="FLEXI_CAT_LINK_IMAGE_DESC" class="confpercat currcat currcat_image btn-group">
				<option value="0">FLEXI_NO</option>
				<option value="1">FLEXI_YES</option>
			</field>
			<field name="currcat_image_method" type="radio" default="1" label="FLEXI_PROCESSING_METHOD" description="FLEXI_PROCESSING_METHOD" class="confpercat currcat currcat_image btn-group group-fcinfo">
				<option value="0">FLEXI_SCALE</option>
				<option value="1">FLEXI_CROP</option>
			</field>
			<field name="currcat_image_width" type="text" size="5" default="110" label="FLEXI_IMAGE_WIDTH" description="FLEXI_IMAGE_WIDTH" class="confpercat currcat currcat_image btn-group"/>
			<field name="currcat_image_height" type="text" size="5" default="110" label="FLEXI_IMAGE_HEIGHT" description="FLEXI_IMAGE_HEIGHT" class="confpercat currcat currcat_image btn-group"/>


		<field name="" type="separator" default="FLEXI_ITEM_LIST_BASIC_OPTIONS" description="" icon_class="icon-file-2" level="tab_open" box_type="1" />
		<field name="" type="separator" default="FLEXI_ITEM_LIST_BASIC_OPTIONS_DESC" level="level3" class="alert alert-info fcpadded" />

			<field name="" type="separator" default="FLEXI_ORDERBY" description="FLEXI_ORDERING_MULTIPLE" level="level1" />

			<field name="" type="separator" default="FLEXI_ITEMS_ORDER_1ST_LEVEL" level="level2" />
			<field name="" type="separator" default="To use scheduled / expired items orderings, please enable ignore scheduled / expired dates, inside 'Select Items' TAB" level="level4" class="alert alert-info"/>
			<field name="ordering" type="fcordering" default="added" is_legacy="1" add_expired_scheduled="1" add_field_order="1" size="4" multiple="true" label="FLEXI_ORDERING_GROUPS" description="FLEXI_ORDERING_GROUPS_DESC"/>
			<field name="ordering_addtitle" type="radio" default="0" label="FLEXI_ORDERING_GROUP_ADDTITLE" description="FLEXI_ORDERING_GROUP_ADDTITLE_DESC" class="btn-group btn-group-yesno">
				<option value="0">FLEXI_NO</option>
				<option value="1">FLEXI_YES</option>
			</field>

			<field name="" type="separator" default="FLEXI_CUSTOM_FIELD_ORDER" level="level3" />
			<field name="orderbycustomfieldid" type="fields" default="0" orderable="1" isnotcore="1" display_useglobal="0"
				label="FLEXI_ORDER_CUSTOM_FIELD_ID" description="FLEXI_ORDER_CUSTOM_FIELD_ID_DESC" />
			<field name="orderbycustomfielddir" type="radio" default="ASC" label="FLEXI_ORDER_CUSTOM_FIELD_DIR" description="FLEXI_ORDER_CUSTOM_FIELD_DIR_DESC" class="btn-group group-fcinfo">
				<option value="ASC">FLEXI_ASC</option>
				<option value="DESC">FLEXI_DESC</option>
			</field>
			<field name="orderbycustomfieldint" type="radio" default="0" label="FLEXI_ORDERING_METHOD" description="FLEXI_ORDERING_METHOD_DESC" class="btn-group group-fcinfo" >
				<option value="0">FLEXI_TEXT</option>
				<option value="1">FLEXI_INTEGER</option>
				<option value="2">FLEXI_FLOAT</option>
				<option value="3">FLEXI_DATE</option>
				<option value="4">FLEXI_DOWNLOAD_HITS</option>
			</field>
			<field name="" type="separator" default="FLEXI_ABOUT_FILE_FIELD_ORDERING" description="" level="level4" class="alert alert-info fcppaded" />

			<field name="" type="separator" default="FLEXI_ITEMS_ORDER_2ND_LEVEL" description="FLEXI_ITEMS_ORDER_DESC" level="level2" />
			<field name="ordering_2nd" type="fcordering" default="alpha" add_expired_scheduled="1" label="FLEXI_ORDER_BY_CORE" description="FLEXI_ORDER_BY_CORE_DESC"/>
			<field name="" type="separator" default="FLEXI_CUSTOM_FIELD_ORDERING" level="level3" />
			<field name="orderbycustomfield_2nd" type="multilist" subtype="radio" default="0" label="FLEXI_ORDER_CUSTOM_FIELD_ENABLE" description="FLEXI_ORDER_CUSTOM_FIELD_ENABLE_DESC" toggle_related="1" class="btn-group btn-group-yesno">
				<option value="0" show_list="" hide_list="customorder2_ops">FLEXI_NO</option>
				<option value="1" show_list="customorder2_ops" hide_list="">FLEXI_YES</option>
			</field>
			<field name="orderbycustomfieldid_2nd" type="fields" default="0" orderable="1" isnotcore="1" display_useglobal="0"
				label="FLEXI_ORDER_CUSTOM_FIELD_ID" description="FLEXI_ORDER_CUSTOM_FIELD_ID_DESC" class="customorder2_ops" />
			<field name="orderbycustomfielddir_2nd" type="radio" default="ASC" label="FLEXI_ORDER_CUSTOM_FIELD_DIR" description="FLEXI_ORDER_CUSTOM_FIELD_DIR_DESC" class="customorder2_ops btn-group group-fcinfo" >
				<option value="ASC">FLEXI_ASC</option>
				<option value="DESC">FLEXI_DESC</option>
			</field>
			<field name="orderbycustomfieldint_2nd" type="radio" default="0" label="FLEXI_ORDERING_METHOD" description="FLEXI_ORDERING_METHOD_DESC" class="customorder2_ops btn-group group-fcinfo">
				<option value="0">FLEXI_TEXT</option>
				<option value="1">FLEXI_INTEGER</option>
				<option value="2">FLEXI_FLOAT</option>
				<option value="3">FLEXI_DATE</option>
				<option value="4">FLEXI_DOWNLOAD_HITS</option>
			</field>
			<field name="" type="separator" default="FLEXI_ABOUT_FILE_FIELD_ORDERING" description="" level="level4" class="alert alert-info fcppaded customorder2_ops" />

			<field name="" type="separator" default="FLEXI_EMPTY_FIELD_FILTER" level="level1" />
			<field name="skip_items" type="multilist" subtype="radio" default="0" label="FLEXI_SKIP_ITEMS" description="FLEXI_SKIP_ITEMS_DESC" toggle_related="1" class="btn-group btn-group-yesno">
				<option value="0" show_list="" hide_list="skipping_items">FLEXI_NO</option>
				<option value="1" show_list="skipping_items" hide_list="">FLEXI_YES_CHECK_FIELD_VALUE_EMPTY_FAST</option>
				<option value="2" show_list="skipping_items" hide_list="">FLEXI_YES_CHECK_FIELD_DISPLAY_EMPTY_SLOWER</option>
			</field>
			<field name="skiponempty_fields" type="fields" fieldnameasvalue="1" issortable="1" filter="string" cols="35" rows="4" default="" label="FLEXI_EMPTY_FIELDS_LIST" description="FLEXI_EMPTY_FIELDS_LIST_DESC" class="skipping_items input-xxlarge" />
			<field name="maxskipcount" type="text" default="50" size="4" label="FLEXI_MAX_SKIP_COUNT" description="FLEXI_MAX_SKIP_COUNT_DESC" class="skipping_items" />
			<field name="onempty_fields_combination" type="radio" default="any" label="FLEXI_EMPTY_FIELDS_COMBINATION" description="FLEXI_EMPTY_FIELDS_COMBINATION_DESC" class="skipping_items btn-group group-fcinfo">
				<option value="any">FLEXI_SKIP_ON_ANY_EMPTY</option>
				<option value="all">FLEXI_SKIP_WHEN_ALL_EMPTY</option>
			</field>
			<field name="striptags_onempty_fields" type="radio" default="0" label="FLEXI_STRIP_HTML_ON_EMPTY_FIELDS" description="FLEXI_STRIP_HTML_ON_EMPTY_FIELDS_DESC" class="skipping_items btn-group">
				<option value="0">FLEXI_NO</option>
				<option value="1">FLEXI_YES</option>
			</field>


		<field name="" type="separator" default="FLEXI_ITEM_LIST_SELECT_ITEMS" description="" icon_class="icon-checkbox" level="tab_open" box_type="1" />
		<field name="" type="separator" default="FLEXI_ITEM_LIST_SELECT_ITEMS_DESC" level="level3" class="alert alert-info fcpadded" />

			<field name="" type="separator" default="FLEXI_UMOD_SIMPLE_FILTERING" level="level0" />

			<field name="" type="separator" default="FLEXI_CURITEM_SCOPE" level="level2" />
			<field name="method_curitem" type="multilist" subtype="radio" toggle_related="1" default="0" label="FLEXI_METHOD" description="FLEXI_CURITEM_DESC" class="btn-group group-fcmethod" inline_text="FLEXI_UMOD_SET_METHOD_TO_ALL_TO_DISABLE" text_class="fc-mssg-inline fc-success fc-small method_curitem_ops">
				<option value="0" show_list="" hide_list="method_curitem_ops">FLEXI_ALL</option>
				<option value="1" show_list="method_curitem_ops" hide_list="">FLEXI_EXCLUDE</option>
				<option value="2" show_list="method_curitem_ops" hide_list="">FLEXI_INCLUDE_CURRENT_ONLY</option>
			</field>


			<field name="" type="separator" default="FLEXI_CURLANG_SCOPE" level="level2" />
			<field name="method_curlang" type="multilist" subtype="radio" toggle_related="1" default="0" label="FLEXI_METHOD" description="FLEXI_CURLANG_DESC" class="btn-group group-fcmethod" inline_text="FLEXI_UMOD_SET_METHOD_TO_ALL_TO_DISABLE" text_class="fc-mssg-inline fc-success fc-small method_curlang_ops">
				<option value="0" show_list="" hide_list="method_curlang_ops">FLEXI_ALL</option>
				<option value="1" show_list="method_curlang_ops" hide_list="">FLEXI_EXCLUDE</option>
				<option value="2" show_list="method_curlang_ops" hide_list="">FLEXI_INCLUDE_CURRENT_ONLY</option>
			</field>


			<field name="" type="separator" default="FLEXI_CURUSERFAVS_SCOPE" level="level2" />
			<field name="method_curuserfavs" type="multilist" subtype="radio" toggle_related="1" default="0" label="FLEXI_METHOD" description="FLEXI_CURUSERFAVS_DESC" class="btn-group group-fcmethod" inline_text="FLEXI_UMOD_SET_METHOD_TO_ALL_TO_DISABLE" text_class="fc-mssg-inline fc-success fc-small method_curuserfavs_ops">
				<option value="0" show_list="" hide_list="method_curuserfavs_ops">FLEXI_ALL</option>
				<option value="1" show_list="method_curuserfavs_ops" hide_list="">FLEXI_EXCLUDE</option>
				<option value="2" show_list="method_curuserfavs_ops" hide_list="">FLEXI_INCLUDE</option>
			</field>


			<field name="" type="separator" default="FLEXI_FEATURED_ITEMS_SCOPE" level="level2" />
			<field name="method_featured" type="multilist" subtype="radio" toggle_related="1" default="0" label="FLEXI_METHOD" description="FLEXI_FEATURED_ITEMS_DESC" class="btn-group group-fcmethod" inline_text="FLEXI_UMOD_SET_METHOD_TO_ALL_TO_DISABLE" text_class="fc-mssg-inline fc-success fc-small method_featured_ops">
				<option value="0" show_list="" hide_list="method_featured_ops">FLEXI_ALL</option>
				<option value="1" show_list="method_featured_ops" hide_list="">FLEXI_EXCLUDE</option>
				<option value="2" show_list="method_featured_ops" hide_list="">FLEXI_INCLUDE</option>
			</field>


			<field name="" type="separator" default="FLEXI_STATES_SCOPE" level="level2" />
			<field name="method_states" type="multilist" subtype="radio" toggle_related="1" default="0" label="FLEXI_METHOD" description="FLEXI_STATES_DESC" class="btn-group group-fcmethod" inline_text="FLEXI_UMOD_SET_METHOD_TO_NORMAL_TO_DISABLE" text_class="fc-mssg-inline fc-success fc-small method_states_ops">
				<option value="0" show_list="" hide_list="method_states_ops">FLEXI_NORMAL_STATES</option>
				<option value="1" show_list="method_states_ops" hide_list="">FLEXI_EXCLUDE</option>
				<option value="2" show_list="method_states_ops" hide_list="">FLEXI_INCLUDE</option>
			</field>
			<field name="item_states" type="fcitemstate" multiple="true" size="6" default="" label="FLEXI_ITEM_STATES" description="FLEXI_ITEM_STATES_DESC" showon="method_states:1,2" />
			<field name="use_list_items_in_any_state_acl" type="multilist" subtype="radio" toggle_related="1" default="0" label="FLEXI_UMOD_USE_LIST_ITEMS_IN_ANY_STATE_ACL" description="FLEXI_UMOD_USE_LIST_ITEMS_IN_ANY_STATE_ACL_DESC" showon="method_states:0" class="btn-group group-fcmethod" inline_text="FLEXI_UMOD_SET_TO_NO_FOR_DEFAULT_BEHAVIOUR" text_class="fc-mssg-inline fc-success fc-small method_any_state_acl_ops">
				<option value="0" show_list="" hide_list="method_any_state_acl_ops">FLEXI_NO</option>
				<option value="1" show_list="method_any_state_acl_ops" hide_list="">FLEXI_YES</option>
			</field>

			<field name="" type="separator" default="FLEXI_STATES_SCOPE_EXPIRED_SCHEDULED" level="level2" />
			<field name="ignore_up_down_dates" type="multilist" subtype="radio" toggle_related="1" default="0" label="FLEXI_UMOD_IGNORE_SCHEDULED_EXPIRED_DATES" description="FLEXI_UMOD_IGNORE_SCHEDULED_EXPIRED_DATES_DESC" class="btn-group group-fcmethod" inline_text="FLEXI_UMOD_SET_TO_NO_FOR_DEFAULT_BEHAVIOUR" text_class="fc-mssg-inline fc-success fc-small method_ignore_updown_dates_ops">
				<option value="0" show_list="" hide_list="method_ignore_updown_dates_ops">FLEXI_NO</option>
				<option value="1" show_list="method_ignore_updown_dates_ops" hide_list="">Scheduled (Publish Up)</option>
				<option value="2" show_list="method_ignore_updown_dates_ops" hide_list="">Expired (Publish down)</option>
				<option value="3" show_list="method_ignore_updown_dates_ops" hide_list="">FLEXI_BOTH</option>
			</field>

			<field name="" type="separator" default="FLEXI_TAGS_SCOPE" level="level2" />
			<field name="method_tags" type="multilist" subtype="radio" toggle_related="1" default="1" label="FLEXI_METHOD" description="FLEXI_METHOD_DESC" class="btn-group group-fcmethod" inline_text="FLEXI_UMOD_SET_METHOD_TO_ALL_TO_DISABLE" text_class="fc-mssg-inline fc-success fc-small method_tags_ops">
				<option value="1" show_list="" hide_list="method_tags_ops">FLEXI_ALL</option>
				<option value="2" show_list="method_tags_ops" hide_list="">FLEXI_EXCLUDE</option>
				<option value="3" show_list="method_tags_ops" hide_list="">FLEXI_INCLUDE</option>
			</field>
			<field name="tag_ids" type="tags" default="" multiple="true" size="6" label="FLEXI_SELECT_TAGS" description="FLEXI_SELECT_TAGS_DESC" showon="method_tags:2,3" />
			<field name="tag_combine" type="radio" default="0" label="FLEXI_TAGS_REQUIRE_ALL" description="FLEXI_TAGS_REQUIRE_ALL_DESC" showon="method_tags:3" class="btn-group group-fcmethod">
				<option value="0">FLEXI_NO</option>
				<option value="1">FLEXI_YES</option>
			</field>


			<field name="" type="separator" default="FLEXI_UMOD_ADVANCED_FILTERING" level="level0" />


			<field name="" type="separator" default="FLEXI_CAT_SCOPE" level="level2" />
			<field name="behaviour_cat" type="multilist" subtype="list" toggle_related="1" default="0" label="FLEXI_BEHAVIOUR_STATIC_DYNAMIC" description="FLEXI_ABOUT_BEHAVIOUR_STATIC_DYNAMIC_DESC" class="use_select2_lib fc_skip_highlight" inline_text="FLEXI_UMOD_DYNAMIC_SET_BEHAVIOUR_TO_STATIC_TO_DISABLE" text_class="fc-mssg-inline fc-success fc-small behaviour_cat_dynamic">
				<option value="0" show_list="" hide_list="behaviour_cat_dynamic">FLEXI_STATIC_SCOPE_SPECIFIC_CHOICES</option>
				<group label="FLEXI_DYNAMIC_CMP_TO_CURR_ITEM">
					<option value="1" show_list="behaviour_cat_dynamic" hide_list="">FLEXI_UMOD_ITEMS_SAME_CAT</option>
					<option value="2" show_list="behaviour_cat_dynamic" hide_list="">FLEXI_UMOD_ITEMS_NOT_SAME_CAT</option>
				</group>
				<group label="FLEXI_DYNAMIC_CMP_TO_CURR_CAT">
					<option value="3" show_list="behaviour_cat_dynamic" hide_list="">FLEXI_UMOD_ITEMS_ACTIVE_CAT</option>
					<option value="4" show_list="behaviour_cat_dynamic" hide_list="">FLEXI_UMOD_ITEMS_NOT_ACTIVE_CAT</option>
				</group>
			</field>

			<field name="method_cat" type="multilist" subtype="radio" toggle_related="1" default="1" label="FLEXI_METHOD_STATIC" description="FLEXI_METHOD_STATIC_DESC" showon="behaviour_cat:0" class="btn-group group-fcmethod" inline_text="FLEXI_UMOD_STATIC_SET_METHOD_TO_ALL_TO_DISABLE" text_class="fc-mssg-inline fc-success fc-small method_cat_ops">
				<option value="1" show_list="" hide_list="method_cat_ops">FLEXI_ALL</option>
				<option value="2" show_list="method_cat_ops" hide_list="">FLEXI_EXCLUDE</option>
				<option value="3" show_list="method_cat_ops" hide_list="">FLEXI_INCLUDE</option>
			</field>
			<field name="catids" type="flexicategories" multiple="true" label="FLEXI_CATEGORIES" description="FLEXI_CATEGORIES_DESC" showon="method_cat:2,3[AND]behaviour_cat:0" />
			<field name="cat_combine" type="radio" default="0" label="FLEXI_CATS_REQUIRE_ALL" description="FLEXI_CATS_REQUIRE_ALL_DESC" showon="method_cat:3[AND]behaviour_cat:0[AND]apply_config_per_category:0" class="btn-group group-fcmethod" >
				<option value="0">FLEXI_NO</option>
				<option value="1">FLEXI_YES</option>
			</field>
			<field name="treeinclude" type="list" default="0" label="FLEXI_INCLUDE_EXTRACATS" description="FLEXI_INCLUDE_EXTRACATS_DESC" showon="method_cat:2,3[OR]behaviour_cat:1,2,3,4" >
				<option value="0">FLEXI_NONE</option>
				<option value="1">FLEXI_CHILDREN</option>
				<option value="5">FLEXI_CHILDREN_EXCLUDE_SELECTED_CATS</option>
				<option value="2">FLEXI_ANCESTORS</option>
				<option value="3">FLEXI_CHILDREN_ANCESTORS</option>
				<option value="4">FLEXI_OTHER_CATS_OF_ITEM</option>
			</field>
			<field name="link_via_main" type="radio" default="0" label="FLEXI_UMOD_LINK_VIA_MAIN_CAT" description="FLEXI_UMOD_LINK_VIA_MAIN_CAT_DESC" showon="method_cat:3[AND]behaviour_cat:0" class="btn-group group-fcmethod fcoffactive" >
				<option value="0">FLEXI_UMOD_NO_USE_SELECTED</option>
				<option value="1">FLEXI_YES</option>
			</field>



			<field name="" type="separator" default="FLEXI_TYPES_SCOPE" level="level2" />
			<field name="behaviour_types" type="multilist" subtype="list" toggle_related="1" default="0" label="FLEXI_BEHAVIOUR_STATIC_DYNAMIC" description="FLEXI_ABOUT_BEHAVIOUR_STATIC_DYNAMIC_DESC" class="use_select2_lib fc_skip_highlight" inline_text="FLEXI_UMOD_DYNAMIC_SET_BEHAVIOUR_TO_STATIC_TO_DISABLE" text_class="fc-mssg-inline fc-success fc-small behaviour_types_dynamic">
				<option value="0" show_list="" hide_list="behaviour_types_dynamic">FLEXI_STATIC_SCOPE_SPECIFIC_CHOICES</option>
				<group label="FLEXI_DYNAMIC_CMP_TO_CURR_ITEM">
					<option value="1" show_list="behaviour_types_dynamic" hide_list="">FLEXI_SAME_TYPE</option>
					<option value="2" show_list="behaviour_types_dynamic" hide_list="">FLEXI_NOT_SAME_TYPE</option>
				</group>
			</field>

			<field name="method_types" type="multilist" subtype="radio" toggle_related="1" default="1" label="FLEXI_METHOD_STATIC" description="FLEXI_METHOD_STATIC_DESC" showon="behaviour_types:0" class="btn-group group-fcmethod" inline_text="FLEXI_UMOD_STATIC_SET_METHOD_TO_ALL_TO_DISABLE" text_class="fc-mssg-inline fc-success fc-small method_types_ops">
				<option value="1" show_list="" hide_list="method_types_ops">FLEXI_ALL</option>
				<option value="2" show_list="method_types_ops" hide_list="">FLEXI_EXCLUDE</option>
				<option value="3" show_list="method_types_ops" hide_list="">FLEXI_INCLUDE</option>
			</field>
			<field name="types" type="types" multiple="true" size="5" label="FLEXI_TYPES" description="FLEXI_TYPES_DESC" showon="method_types:2,3[AND]behaviour_types:0" class="use_select2_lib" />


			<field name="" type="separator" default="FLEXI_AUTH_MY_ITEMS_SCOPE" level="level2" />
			<field name="behaviour_auth" type="multilist" subtype="list" toggle_related="1" default="0" label="FLEXI_BEHAVIOUR_STATIC_DYNAMIC" description="FLEXI_ABOUT_BEHAVIOUR_STATIC_DYNAMIC_DESC" class="use_select2_lib fc_skip_highlight" inline_text="FLEXI_UMOD_DYNAMIC_SET_BEHAVIOUR_TO_STATIC_TO_DISABLE" text_class="fc-mssg-inline fc-success fc-small behaviour_auth_dynamic">
				<option value="0" show_list="" hide_list="behaviour_auth_dynamic">FLEXI_STATIC_SCOPE_SPECIFIC_CHOICES</option>
				<group label="FLEXI_DYNAMIC_CMP_TO_CURR_ITEM">
					<option value="1" show_list="behaviour_auth_dynamic" hide_list="">FLEXI_SAME_AUTHOR</option>
					<option value="2" show_list="behaviour_auth_dynamic" hide_list="">FLEXI_NOT_SAME_AUTHOR</option>
					<option value="3" show_list="behaviour_auth_dynamic" hide_list="">FLEXI_CURRENT_USER_MY_ITEMS</option>
				</group>
			</field>

			<field name="method_auth" type="multilist" subtype="radio" toggle_related="1" default="1" label="FLEXI_METHOD_STATIC" description="FLEXI_METHOD_STATIC_DESC" showon="behaviour_auth:0" class="btn-group group-fcmethod" inline_text="FLEXI_UMOD_STATIC_SET_METHOD_TO_ALL_TO_DISABLE" text_class="fc-mssg-inline fc-success fc-small method_auth_ops">
				<option value="1" show_list="" hide_list="method_auth_ops">FLEXI_ALL</option>
				<option value="2" show_list="method_auth_ops" hide_list="">FLEXI_EXCLUDE</option>
				<option value="3" show_list="method_auth_ops" hide_list="">FLEXI_INCLUDE</option>
			</field>
			<field name="authors" type="text" default="" size="50" label="FLEXI_AUTHORS" description="FLEXI_AUTHORS_DESC" showon="method_auth:2,3[AND]behaviour_auth:0" class="input-xxlarge" />


			<field name="" type="separator" default="FLEXI_ITEM_SCOPE" level="level2" />

			<field name="behaviour_items" type="multilist" subtype="list" toggle_related="1" default="0" label="FLEXI_BEHAVIOUR_STATIC_DYNAMIC" description="FLEXI_ABOUT_BEHAVIOUR_STATIC_DYNAMIC_DESC" class="use_select2_lib fc_skip_highlight" inline_text="FLEXI_UMOD_DYNAMIC_SET_BEHAVIOUR_TO_STATIC_TO_DISABLE" text_class="fc-mssg-inline fc-success fc-small behaviour_items_dynamic">
				<option value="0" show_list="" hide_list="behaviour_items_dynamic">FLEXI_STATIC_SCOPE_SPECIFIC_CHOICES</option>
				<group label="FLEXI_DYNAMIC_CMP_TO_CURR_ITEM">
					<option value="1" show_list="behaviour_items_dynamic" hide_list="">FLEXI_RELATED_COMMON_TAGS</option>
					<option value="2" show_list="behaviour_items_dynamic" hide_list="">FLEXI_RELATED_RELATION_FIELD</option>
					<option value="3" show_list="behaviour_items_dynamic" hide_list="">FLEXI_REVERSE_RELATED_RELATION_FIELD</option>
				</group>
			</field>
			<field name="excluded_tags" type="tags" default="" multiple="true" size="6" label="FLEXI_EXCLUDED_TAGS" description="FLEXI_EXCLUDED_TAGS_DESC" showon="behaviour_items:1" />
			<field name="relitems_fields" type="fields" default="" multiple="true" size="3" field_type="relation" label="FLEXI_SELECT_RELATION_FIELDS" description="FLEXI_SELECT_RELATION_FIELDS_DESC" showon="behaviour_items:2,3" />

			<field name="method_items" type="multilist" subtype="radio" toggle_related="1" default="1" label="FLEXI_METHOD_STATIC" description="FLEXI_METHOD_STATIC_DESC" showon="behaviour_items:0" class="btn-group group-fcmethod" inline_text="FLEXI_UMOD_STATIC_SET_METHOD_TO_ALL_TO_DISABLE" text_class="fc-mssg-inline fc-success fc-small method_items_ops">
				<option value="1" show_list="" hide_list="method_items_ops">FLEXI_ALL</option>
				<option value="2" show_list="method_items_ops" hide_list="">FLEXI_EXCLUDE</option>
				<option value="3" show_list="method_items_ops" hide_list="">FLEXI_INCLUDE</option>
			</field>
			<field name="items" type="text" default="" size="50" label="FLEXI_SELECT_ITEM" description="FLEXI_SELECT_ITEM_DESC" showon="method_items:2,3[AND]behaviour_items:0" class="input-xxlarge" />
			<field name="items_use_order" type="radio" default="0" label="FLEXI_UMOD_USE_SELECT_ITEMS_ORDER" description="FLEXI_UMOD_USE_SELECT_ITEMS_ORDER_DESC" showon="method_items:3[AND]behaviour_items:0" class="btn-group btn-group-yesno">
				<option value="0">FLEXI_NO</option>
				<option value="1">FLEXI_YES</option>
			</field>


			<field name="" type="separator" default="FLEXI_UMOD_EXPERT_FILTERING" level="level0" />

			<!-- DATE SCOPE -->
			<field name="" type="separator" default="FLEXI_DATES_SCOPE" level="level1" />

			<!-- DYNAMIC METHOD -->
			<field name="behaviour_dates" type="multilist" subtype="list" toggle_related="1" default="0" label="FLEXI_BEHAVIOUR_STATIC_DYNAMIC_DATE" description="FLEXI_BEHAVIOUR_STATIC_DYNAMIC_DATE_DESC" class="use_select2_lib fc_skip_highlight" inline_text="FLEXI_UMOD_DYNAMIC_SET_BEHAVIOUR_TO_STATIC_TO_DISABLE" text_class="fc-mssg-inline fc-success fc-small dateDynamic">
				<option value="0" show_list="dateStatic,date_custom_on,dateDataSrc,emptyDates,cDateLims" hide_list="dateDynamic,dynDateOffsets,startOfWeek" refsh_list=".method_dates_CLASS">FLEXI_UMOD_STATIC_USE_SPECIFIC_DATES</option>
				<group label="FLEXI_DYNAMIC_CMP_TO_CURR_SRV_TIME_OR_CURR_ITEM_DATES">
					<option value="1" show_list="dateDynamic,dynDateOffsets,date_custom_on" force_list="dateDataSrc,emptyDates,cDateLims" hide_list="dateStatic,startOfWeek"
						fcconfigs="{'method_dates':'3'}" >FLEXI_UMOD_DATE_OFFSET_OF_COMPARE_WITH</option>
				</group>
				<group label="FLEXI_DYNAMIC_SAME_TO_CURR_SRV_TIME_OR_CURR_ITEM_DATES">
					<option value="8" show_list="dateDynamic,date_custom_on" force_list="dateDataSrc" hide_list="dateStatic,dynDateOffsets,startOfWeek,emptyDates,cDateLims" fcconfigs="{'method_dates':'3'}" >FLEXI_SAME_DAY</option>
					<option value="2" show_list="dateDynamic,date_custom_on" force_list="dateDataSrc" hide_list="dateStatic,dynDateOffsets,startOfWeek,emptyDates,cDateLims" fcconfigs="{'method_dates':'3'}" >FLEXI_SAME_MONTH</option>
					<option value="3" show_list="dateDynamic,date_custom_on" force_list="dateDataSrc" hide_list="dateStatic,dynDateOffsets,startOfWeek,emptyDates,cDateLims" fcconfigs="{'method_dates':'3'}" >FLEXI_SAME_YEAR</option>
				</group>
				<group label="FLEXI_DYNAMIC_PREV_TO_CURR_SRV_TIME_OR_CURR_ITEM_DATES">
					<option value="9" show_list="dateDynamic,date_custom_on" force_list="dateDataSrc" hide_list="dateStatic,dynDateOffsets,startOfWeek,emptyDates,cDateLims" fcconfigs="{'method_dates':'3'}" >FLEXI_PREVIOUS_DAY</option>
					<option value="4" show_list="dateDynamic,date_custom_on" force_list="dateDataSrc" hide_list="dateStatic,dynDateOffsets,startOfWeek,emptyDates,cDateLims" fcconfigs="{'method_dates':'3'}" >FLEXI_PREVIOUS_MONTH</option>
					<option value="5" show_list="dateDynamic,date_custom_on" force_list="dateDataSrc" hide_list="dateStatic,dynDateOffsets,startOfWeek,emptyDates,cDateLims" fcconfigs="{'method_dates':'3'}" >FLEXI_PREVIOUS_YEAR</option>
				</group>
				<group label="FLEXI_DYNAMIC_NEXT_TO_CURR_SRV_TIME_OR_CURR_ITEM_DATES">
					<option value="10" show_list="dateDynamic,date_custom_on" force_list="dateDataSrc" hide_list="dateStatic,dynDateOffsets,startOfWeek,emptyDates,cDateLims" fcconfigs="{'method_dates':'3'}" >FLEXI_NEXT_DAY</option>
					<option value="6"  show_list="dateDynamic,date_custom_on" force_list="dateDataSrc" hide_list="dateStatic,dynDateOffsets,startOfWeek,emptyDates,cDateLims" fcconfigs="{'method_dates':'3'}" >FLEXI_NEXT_MONTH</option>
					<option value="7"  show_list="dateDynamic,date_custom_on" force_list="dateDataSrc" hide_list="dateStatic,dynDateOffsets,startOfWeek,emptyDates,cDateLims" fcconfigs="{'method_dates':'3'}" >FLEXI_NEXT_YEAR</option>
				</group>
				<group label="FLEXI_DYNAMIC_SAME_IGN_Y_CURR_SRV_TIME_OR_CURR_ITEM_DATES">
					<option value="11" show_list="dateDynamic,date_custom_on" force_list="dateDataSrc" hide_list="dateStatic,dynDateOffsets,startOfWeek,emptyDates,cDateLims" fcconfigs="{'method_dates':'3'}" >FLEXI_SAME_DAY_OF_MONTH</option>
					<option value="12" show_list="dateDynamic,date_custom_on" force_list="dateDataSrc" hide_list="dateStatic,dynDateOffsets,startOfWeek,emptyDates,cDateLims" fcconfigs="{'method_dates':'3'}" >FLEXI_M3D_P4D_OF_MONTH</option>
					<option value="13" show_list="dateDynamic,date_custom_on,startOfWeek" force_list="dateDataSrc" hide_list="dateStatic,dynDateOffsets,emptyDates,cDateLims" fcconfigs="{'method_dates':'3'}" >FLEXI_SAME_WEEK_OF_MONTH</option>
					<option value="14" show_list="dateDynamic,date_custom_on,startOfWeek" force_list="dateDataSrc" hide_list="dateStatic,dynDateOffsets,emptyDates,cDateLims" fcconfigs="{'method_dates':'3'}" >FLEXI_SAME_WEEK_OF_YEAR</option>
					<option value="15" show_list="dateDynamic,date_custom_on" force_list="dateDataSrc" hide_list="dateStatic,dynDateOffsets,startOfWeek,emptyDates,cDateLims" fcconfigs="{'method_dates':'3'}" >FLEXI_SAME_MONTH_OF_YEAR</option>
				</group>
				<group label="FLEXI_DYNAMIC_SAME_IGN_MY_CURR_SRV_TIME_OR_CURR_ITEM_DATES">
					<option value="16" show_list="dateDynamic,date_custom_on" force_list="dateDataSrc" hide_list="dateStatic,dynDateOffsets,startOfWeek,emptyDates,cDateLims" fcconfigs="{'method_dates':'3'}" >FLEXI_SAME_DAY_OF_MONTH</option>
					<option value="17" show_list="dateDynamic,date_custom_on" force_list="dateDataSrc" hide_list="dateStatic,dynDateOffsets,startOfWeek,emptyDates,cDateLims" fcconfigs="{'method_dates':'3'}" >FLEXI_M3D_P4D_OF_MONTH</option>
					<option value="18" show_list="dateDynamic,date_custom_on,startOfWeek" force_list="dateDataSrc" hide_list="dateStatic,dynDateOffsets,emptyDates,cDateLims" fcconfigs="{'method_dates':'3'}" >FLEXI_SAME_WEEK_OF_MONTH</option>
				</group>
			</field>

			<!-- DYNAMIC/STATIC HEADERS -->
			<field name="" type="separator" default="FLEXI_DYNAMIC_DATE_BEHAVIOUR" level="level2" class="dateDynamic" />
			<field name="" type="separator" default="FLEXI_STATIC_DATE_BEHAVIOUR" level="level2" class="dateStatic" />

			<field name="method_date_dyn_ignored" type="multilist" subtype="radio" default="1" label="FLEXI_METHOD" description="FLEXI_METHOD_DYNAMIC_DESC" class="dateDynamic btn-group group-fcwarning">
				<option value="1">FLEXI_INCLUDE</option>
			</field>

			<!-- STATIC METHOD -->
			<field name="method_dates" type="multilist" subtype="radio" toggle_related="1" default="1" label="FLEXI_METHOD_STATIC" description="FLEXI_METHOD_STATIC_DESC" class="dateStatic method_dates_CLASS btn-group group-fcmethod" inline_text="FLEXI_UMOD_STATIC_SET_METHOD_TO_ALL_TO_DISABLE" text_class="fc-mssg-inline fc-success fc-small method_dates_ops">
				<option value="1" show_list="" hide_list="method_dates_ops,staticCustomDates,date_custom_on">FLEXI_ALL</option>
				<option value="2" show_list="method_dates_ops,staticCustomDates,date_custom_on" hide_list="">FLEXI_EXCLUDE</option>
				<option value="3" show_list="method_dates_ops,staticCustomDates,date_custom_on" hide_list="">FLEXI_INCLUDE</option>
			</field>

			<!-- DATE SCOPE: COMMON -->
			<field name="date_type" type="multilist" subtype="radio" default="0" label="FLEXI_DATE_DATA" description="FLEXI_DATE_DATA_DESC" toggle_related="1" class="method_dates_ops dateDataSrc btn-group group-fcinfo" >
				<option value="0" show_list="" hide_list="date_custom_fld">FLEXI_DATE_CREATED</option>
				<option value="1" show_list="" hide_list="date_custom_fld">FLEXI_DATE_MODIFIED</option>
				<option value="2" show_list="" hide_list="date_custom_fld">FLEXI_UMOD_DATE_PUBLISH_UP</option>
				<option value="4" show_list="" hide_list="date_custom_fld">FLEXI_UMOD_DATE_PUBLISH_DOWN</option>
				<option value="3" show_list="date_custom_fld" hide_list="">FLEXI_CUSTOM_DATE_FIELD</option>
			</field>
			<field name="datecomp_field" type="fields" default="" multiple="false" field_type="date" label="FLEXI_CUSTOM_FIELD_AS_DATE_DATA" description="FLEXI_CUSTOM_FIELD_AS_DATE_DATA_DESC" class="date_custom_on date_custom_fld" />
			<field name="nulldates" type="radio" default="0" label="FLEXI_NULL_EMPTY_DATES" description="FLEXI_NULL_EMPTY_DATES_DESC" class="method_dates_ops emptyDates btn-group group-fcinfo">
				<option value="0">FLEXI_EXCLUDE</option>
				<option value="1">FLEXI_INCLUDE</option>
			</field>

			<!-- DYNAMIC BEHAVIOUR -->
			<field name="week_start" type="radio" default="0" label="FLEXI_FIRST_DAY_OF_WEEK" description="FLEXI_FIRST_DAY_OF_WEEK_DESC" class="dateDynamic startOfWeek btn-group group-fcinfo">
				<option value="0">FLEXI_FIRST_DAY_SUNDAY</option>
				<option value="5">FLEXI_FIRST_DAY_MONDAY</option>
			</field>

			<!-- STATIC BEHAVIOUR or CUSTOM OFFSET FOR DYNAMIC BEHAVIOUR -->
			<field name="" type="separator" default="Custom offsets that shift the DYNAMIC date, e.g. -5 d (minus 5 days) &lt;br/&gt;- to enter &lt;b&gt;CURRENT date (now)&lt;/b&gt; use: 0 d" level="level3" class="dynDateOffsets alert alert-info fcpadded" />
			<field name="" type="separator" default="Compare to specific dates (YYYY-MM-DD) e.g. 2015-01-23 &lt;br/&gt;- to enter &lt;b&gt;CURRENT date (now)&lt;/b&gt; use: CURDATE() &amp;nbsp;&gt; , and set date type to 'SQL date expression'" level="level3" class="staticCustomDates dateStatic alert alert-info fcpadded" />

			<field name="bdate" type="fcdate" size="50" label="FLEXI_UMOD_BDATE_FROM" description="FLEXI_UMOD_BDATE_FROM_DESC" placeholder="No limit" class="method_dates_ops cDateLims" />
			<field name="edate" type="fcdate" size="50" label="FLEXI_UMOD_EDATE_TO" description="FLEXI_UMOD_EDATE_TO_DESC" placeholder="No limit" class="method_dates_ops cDateLims" />
			<field name="raw_bdate" type="radio" default="0" label="FLEXI_TREAT_BDATE_AS" description="FLEXI_TREAT_XDATE_AS_DESC" class="method_dates_ops dateStatic btn-group group-fcinfo">
				<option value="0">FLEXI_SPECIFIC_DATE</option>
				<option value="1">FLEXI_SQL_DATE_EXPRESSION</option>
			</field>
			<field name="raw_edate" type="radio" default="0" label="FLEXI_TREAT_EDATE_AS" description="FLEXI_TREAT_XDATE_AS_DESC" class="method_dates_ops dateStatic btn-group group-fcinfo">
				<option value="0">FLEXI_SPECIFIC_DATE</option>
				<option value="1">FLEXI_SQL_DATE_EXPRESSION</option>
			</field>
			<field name="date_compare" type="radio" default="0" label="FLEXI_UMOD_COMPARE_DATE_DATA_WITH_DYNAMIC_DATE" description="FLEXI_UMOD_COMPARE_DATE_DATA_WITH_DYNAMIC_DATE_DESC" class="dateDynamic btn-group group-fcinfo">
				<option value="0">FLEXI_CURRENT_SERVER_TIME</option>
				<option value="1">FLEXI_CURRENT_ITEM_DATE_ABOVE</option>
			</field>


			<field name="" type="separator" default="FLEXI_CUSTOM_NON_CORE_FIELDS_SCOPE" description="FLEXI_CUSTOM_NON_CORE_FIELDS_SCOPE_DESC" level="level1" />

			<field name="behaviour_filt" type="multilist" subtype="list" toggle_related="1" default="0" label="FLEXI_BEHAVIOUR_STATIC_DYNAMIC" description="FLEXI_ABOUT_BEHAVIOUR_STATIC_DYNAMIC_DESC" class="use_select2_lib fc_skip_highlight" inline_text="FLEXI_UMOD_DYNAMIC_SET_BEHAVIOUR_TO_STATIC_TO_DISABLE" text_class="fc-mssg-inline fc-success fc-small behaviour_dyn_filts">
				<option value="0" show_list="" hide_list="behaviour_dyn_filts">FLEXI_FILTER_BY_STATIC_FIELD_VALUES</option>
				<option value="1" show_list="behaviour_dyn_filts" hide_list="">FLEXI_FILTER_BY_DYNAMIC_FIELD_VALUES</option>
				<option value="2" show_list="behaviour_dyn_filts" hide_list="">FLEXI_FILTER_BY_BOTH_DYNAMIC_STATIC_FIELD_VALUES</option>
			</field>
			<field name="dynamic_filters" default="" type="textarea" filter="string" rows="5" cols="32" label="FLEXI_DYNAMIC_FILTERS" description="FLEXI_DYNAMIC_FILTERS_DESC" showon="behaviour_filt:1,2" />

			<field name="method_filt" type="multilist" subtype="radio" toggle_related="1" default="1" label="FLEXI_METHOD_STATIC" description="FLEXI_METHOD_STATIC_DESC" showon="behaviour_filt:0,2" class="btn-group group-fcmethod" inline_text="FLEXI_UMOD_STATIC_SET_METHOD_TO_ALL_TO_DISABLE" text_class="fc-mssg-inline fc-success fc-small method_filt_ops">
				<option value="1" show_list="" hide_list="method_filt_ops">FLEXI_ALL</option>
				<option value="2" show_list="method_filt_ops" hide_list="">FLEXI_EXCLUDE</option>
				<option value="3" show_list="method_filt_ops" hide_list="">FLEXI_INCLUDE</option>
			</field>
			<field name="static_filters" default="" type="textarea" filter="string" rows="10" cols="80" label="FLEXI_STATIC_FILTERS" description="FLEXI_STATIC_FILTERS_DESC" showon="method_filt:2,3[AND]behaviour_filt:0,2" />

		<field name="" type="separator" default="FLEXI_ITEM_LIST_FOOTER_OPTIONS" description="" icon_class="icon-info" level="tab_open" box_type="1" />
		<field name="" type="separator" default="FLEXI_ITEM_LIST_FOOTER_OPTIONS_DESC" level="level3" class="alert alert-info fcpadded" />

			<field name="" type="separator" default="FLEXI_MOD_RECENTLY_ADDED_FAVOURITES" level="level1" />
			<field name="display_favlist" type="radio" default="0" label="FLEXI_MOD_RECENT_FAVOURITES_LIST" description="FLEXI_MOD_RECENT_FAVOURITES_LIST_DESC" class="btn-group btn-group-yesno">
				<option value="0">FLEXI_HIDE</option>
				<option value="1">FLEXI_SHOW</option>
			</field>

			<field name="" type="separator" default="FLEXI_MOD_FOOTER_MORE" level="level1" />
			<field name="show_more" type="multilist" subtype="radio" toggle_related="1" default="0" label="FLEXI_MOD_DISPLAY_MORE" description="FLEXI_MOD_DISPLAY_MORE_DESC" class="btn-group btn-group-yesno">
				<option value="0" show_list="" hide_list="readmore_link">FLEXI_NO</option>
				<option value="1" show_list="readmore_link" hide_list="">FLEXI_YES</option>
			</field>
			<field name="more_title" type="text" default="" label="FLEXI_MOD_MORE_TITLE" description="FLEXI_MOD_MORE_TITLE_DESC" size="40" class="readmore_link"/>
			<field name="more_link" type="text" default="index.php" label="FLEXI_MOD_MORE_LINK" description="FLEXI_MOD_MORE_LINK" class="readmore_link"/>
			<field name="more_blank" type="radio" default="0" label="FLEXI_MOD_MORE_NEW_WINDOW" description="FLEXI_MOD_MORE_NEW_WINDOW_DESC" class="readmore_link btn-group">
				<option value="0">FLEXI_NO</option>
				<option value="1">FLEXI_YES</option>
			</field>
			<field name="more_css" type="textarea" filter="string" cols="30" rows="3" default="" label="FLEXI_MOD_MORE_CSS" description="FLEXI_MOD_MORE_CSS_DESC" class="readmore_link" />

		<field name="" type="separator" default="Items List Tabset" level="tabset_close" tab_class="s-fake" box_type="1" />



		<field name="" type="separator" default="FLEXI_MOD_TMPL_LAYOUT_OPTIONS" description="FLEXI_MOD_TMPL_LAYOUT_OPTIONS_DESC" icon_class="icon-pencil" level="tab_open" box_type="1" />

		<field name="" type="separator" default="FLEXI_MOD_TMPL_CONTENT_VIA_PARAMETERS" description="" icon_class="icon-checkbox" level="tab_open" box_type="1" />
		<field name="" type="separator" default="FLEXI_MOD_TMPL_CONTENT_CONFIG_NOT_USED_BY_ALL_TEMPLATES_INFO" level="level3" class="alert alert-info fcpadded" />

			<field name="" type="separator" default="FLEXI_TITLE_PARAMS" level="level1" />

			<field name="" type="separator" default="FLEXI_UMOD_STD" level="level3" />
			<field name="display_title" type="multilist" subtype="radio" toggle_related="1" default="1" label="FLEXI_DISPLAY_TITLE" description="FLEXI_DISPLAY_TITLE_DESC" class="btn-group btn-group-yesno">
				<option value="0" show_list="" hide_list="display_titlestd">FLEXI_NO</option>
				<option value="1" show_list="display_titlestd" hide_list="">FLEXI_YES</option>
			</field>
			<field name="link_title" type="radio" default="1" label="FLEXI_LINK_TITLE" description="FLEXI_LINK_TITLE_DESC" class="display_titlestd btn-group">
				<option value="0">FLEXI_NO</option>
				<option value="1">FLEXI_YES</option>
			</field>
			<field name="cuttitle" type="text" default="40" size="4" label="FLEXI_MAX_TITLE_LENGTH" description="FLEXI_MAX_TITLE_LENGTH_DESC" class="display_titlestd" />

			<field name="" type="separator" default="FLEXI_UMOD_FEAT" level="level3" />
			<field name="display_title_feat" type="multilist" subtype="radio" toggle_related="1" default="1" label="FLEXI_DISPLAY_TITLE" description="FLEXI_DISPLAY_TITLE_DESC" class="btn-group btn-group-yesno">
				<option value="0" show_list="" hide_list="display_titlefeat">FLEXI_NO</option>
				<option value="1" show_list="display_titlefeat" hide_list="">FLEXI_YES</option>
			</field>
			<field name="link_title_feat" type="radio" default="1" label="FLEXI_LINK_TITLE" description="FLEXI_LINK_TITLE_DESC" class="display_titlefeat btn-group">
				<option value="0">FLEXI_NO</option>
				<option value="1">FLEXI_YES</option>
			</field>
			<field name="cuttitle_feat" type="text" default="40" size="4" label="FLEXI_MAX_TITLE_LENGTH" description="FLEXI_MAX_TITLE_LENGTH_DESC" class="display_titlefeat" />

			<field name="" type="separator" default="FLEXI_TEXT_PARAMS" level="level1" />

			<field name="" type="separator" default="FLEXI_UMOD_STD" level="level3" />
			<field name="display_text" type="multilist" subtype="radio" toggle_related="1" default="1" label="FLEXI_DISPLAY_TEXT" description="FLEXI_DISPLAY_TEXT_DESC" class="btn-group btn-group-yesno">
				<option value="0" show_list="" hide_list="display_textstd">FLEXI_NO</option>
				<option value="1" show_list="display_textstd" hide_list="">FLEXI_YES</option>
			</field>
			<field name="mod_do_stripcat" type="radio" default="1" label="FLEXI_STRIP_HTML_N_CUT" description="FLEXI_STRIP_HTML_N_CUT_DESC" class="display_textstd btn-group">
				<option value="0">FLEXI_NO</option>
				<option value="1">FLEXI_YES</option>
			</field>
			<field name="mod_cut_text" type="text" size="4" default="100" label="FLEXI_CUT_INTRO" description="FLEXI_CUT_INTRO_DESC" class="display_textstd"/>
			<field name="mod_readmore" type="radio" default="1" label="FLEXI_SHOW_READMORE" description="FLEXI_SHOW_READMORE_DESC" class="btn-group btn-group-yesno">
				<option value="0">FLEXI_NO</option>
				<option value="1">FLEXI_YES</option>
			</field>

			<field name="" type="separator" default="FLEXI_UMOD_FEAT" level="level3" />
			<field name="display_text_feat" type="multilist" subtype="radio" toggle_related="1" default="1" label="FLEXI_DISPLAY_TEXT" description="FLEXI_DISPLAY_TEXT_DESC" class="btn-group btn-group-yesno">
				<option value="0" show_list="" hide_list="display_textfeat">FLEXI_NO</option>
				<option value="1" show_list="display_textfeat" hide_list="">FLEXI_YES</option>
			</field>
			<field name="mod_do_stripcat_feat" type="radio" default="1" label="FLEXI_STRIP_HTML_N_CUT" description="FLEXI_STRIP_HTML_N_CUT" class="display_textfeat btn-group">
				<option value="0">FLEXI_NO</option>
				<option value="1">FLEXI_YES</option>
			</field>
			<field name="mod_cut_text_feat" type="text" size="4" default="200" label="FLEXI_CUT_INTRO" description="FLEXI_CUT_INTRO_DESC" class="display_textfeat"/>
			<field name="mod_readmore_feat" type="radio" default="1" label="FLEXI_SHOW_READMORE" description="FLEXI_SHOW_READMORE_DESC" class="btn-group btn-group-yesno">
				<option value="0">FLEXI_NO</option>
				<option value="1">FLEXI_YES</option>
			</field>

			<field name="" type="separator" default="FLEXI_IMAGE_PARAMS" level="level1" />
			<field name="mod_image" type="fcimage" valcolumn="id" default="" label="FLEXI_IMAGE_SOURCE" description="FLEXI_IMAGE_SOURCE_DESC" />
			<field name="mod_image_custom_display" type="text" size="48" default="" label="Field HTML as Image" description=
				"You can use the HTML produced by any custom field in place of image.&lt;br&gt; -- Leave blank: to use the above drop-down select box value,&lt;br&gt; -- &lt;b&gt;Note: image size and other parameters are not used&lt;/b&gt;,&lt;br&gt; -- Write: like fieldname##varname e.g. for image fields use: imgfieldname##display_small, imgfieldname##display_medium, imgfieldname##display_large" />
			<field name="mod_image_custom_url" type="text" size="48" default="" label="Field URL as Image" description=
				"You can use the URL produced by any custom field in place of image.&lt;br&gt; -- Leave blank: to use the above drop-down select box value,&lt;br&gt; -- &lt;b&gt;Note: image size and other parameters are applied to the given URL&lt;/b&gt;,&lt;br&gt; -- Write: like fieldname##varname e.g. for image fields use: imgfieldname##display_small_src, imgfieldname##display_medium_src, imgfieldname##display_large_src" />
			<field name="mod_image_fallback_img" type="list" default="" label="FLEXI_FALLBACK_IMG" description="FLEXI_FALLBACK_IMG_DESC" >
				<option value="0">FLEXI_NO_FALLBACK</option>
				<option value="1">FLEXI_USE_INTROTEXT_FALLBACK</option>
				<option value="2">FLEXI_USE_INTROTEXT_FALLBACK_IGNORE_DEFAULTIMG</option>
				<option value="3">Custom fallback field</option>
			</field>

			<field name="" type="separator" default="Please remember to enable this above" level="level4" class="alert alert-info fcpadded" />
			<field name="mod_image_fallback_field" type="fcimage" default="" valcolumn="name" prompt_text="FLEXI_SELECT" label="Custom fallback field" />

			<field name="" type="separator" default="FLEXI_UMOD_STD" level="level3" />
			<field name="mod_use_image" type="multilist" subtype="list" toggle_related="1" default="medium" label="FLEXI_USE_IMAGE" description="FLEXI_USE_IMAGE_DESC">
				<option value="0" show_list="" hide_list="display_imgstd,link_imgstd">FLEXI_NO</option>
				<option value="1" show_list="display_imgstd,link_imgstd" hide_list="">FLEXI_YES_RESIZE</option>
				<option value="small" show_list="link_imgstd" hide_list="display_imgstd">FLEXI_YES_USE_SMALL_THUMB_FASTER</option>
				<option value="medium" show_list="link_imgstd" hide_list="display_imgstd">FLEXI_YES_USE_MEDIUM_THUMB_FASTER</option>
				<option value="large" show_list="link_imgstd" hide_list="display_imgstd">FLEXI_YES_USE_LARGE_THUMB_FASTER</option>
				<option value="original" show_list="link_imgstd" hide_list="display_imgstd">FLEXI_YES_USE_ORIGINAL_IMAGE</option>
			</field>
			<field name="mod_link_image" type="radio" default="1" label="FLEXI_LINK_IMAGE" description="FLEXI_LINK_IMAGE_DESC" class="link_imgstd btn-group">
				<option value="0">FLEXI_NO</option>
				<option value="1">FLEXI_YES</option>
			</field>
			<field name="mod_method" type="radio" default="1" label="FLEXI_PROCESSING_METHOD" description="FLEXI_PROCESSING_METHOD" class="display_imgstd btn-group group-fcinfo">
				<option value="0">FLEXI_SCALE</option>
				<option value="1">FLEXI_CROP</option>
			</field>
			<field name="mod_width" type="text" size="4" default="80" label="FLEXI_IMAGE_WIDTH" description="FLEXI_IMAGE_WIDTH" class="display_imgstd" />
			<field name="mod_height" type="text" size="4" default="80" label="FLEXI_IMAGE_HEIGHT" description="FLEXI_IMAGE_HEIGHT" class="display_imgstd"/>

			<field name="" type="separator" default="FLEXI_UMOD_FEAT" level="level3" />
			<field name="mod_use_image_feat" type="multilist" subtype="list" toggle_related="1" default="medium" label="FLEXI_USE_IMAGE" description="FLEXI_USE_IMAGE_DESC">
				<option value="0" show_list="" hide_list="display_imgfeat,link_imgfeat">FLEXI_NO</option>
				<option value="1" show_list="display_imgfeat,link_imgfeat" hide_list="">FLEXI_YES_RESIZE</option>
				<option value="small" show_list="link_imgfeat" hide_list="display_imgfeat">FLEXI_YES_USE_SMALL_THUMB_FASTER</option>
				<option value="medium" show_list="link_imgfeat" hide_list="display_imgfeat">FLEXI_YES_USE_MEDIUM_THUMB_FASTER</option>
				<option value="large" show_list="link_imgfeat" hide_list="display_imgfeat">FLEXI_YES_USE_LARGE_THUMB_FASTER</option>
				<option value="original" show_list="link_imgfeat" hide_list="display_imgfeat">FLEXI_YES_USE_ORIGINAL_IMAGE</option>
			</field>
			<field name="mod_link_image_feat" type="radio" default="1" label="FLEXI_LINK_IMAGE" description="FLEXI_LINK_IMAGE_DESC" class="link_imgfeat btn-group">
				<option value="0">FLEXI_NO</option>
				<option value="1">FLEXI_YES</option>
			</field>
			<field name="mod_method_feat" type="radio" default="1" label="FLEXI_PROCESSING_METHOD" description="FLEXI_PROCESSING_METHOD" class="display_imgfeat btn-group group-fcinfo">
				<option value="0">FLEXI_SCALE</option>
				<option value="1">FLEXI_CROP</option>
			</field>
			<field name="mod_width_feat" type="text" size="4" default="110" label="FLEXI_IMAGE_WIDTH" description="FLEXI_IMAGE_WIDTH" class="display_imgfeat btn-group"/>
			<field name="mod_height_feat" type="text" size="4" default="110" label="FLEXI_IMAGE_HEIGHT" description="FLEXI_IMAGE_HEIGHT" class="display_imgfeat btn-group"/>

			<field name="" type="separator" default="FLEXI_DEFAULT_IMAGE" level="level3" />
			<field name="mod_default_img_show" type="multilist" subtype="radio" default="0" toggle_related="1" label="Show default image" description="Select to show a default image for items without one" class="btn-group btn-group-yesno">
				<option value="0" show_list="" hide_list="defaultimg">FLEXI_NO</option>
				<option value="1" show_list="defaultimg" hide_list="">FLEXI_YES</option>
			</field>
			<field name="mod_default_img_path" type="text" size="80" default="components/com_flexicontent/assets/images/image.png" label="Default image" description="This is the image to show if item has no image" class="defaultimg" />

			<field name="" type="separator" default="FLEXI_DATE_PARAMS" level="level1" />
			<field name="" type="separator" default="FLEXI_UMOD_STD" level="level3" />
			<field name="display_date" type="multilist" subtype="radio" toggle_related="1" default="1" label="FLEXI_DISPLAY_DATE" description="FLEXI_DISPLAY_DATE_DESC" class="btn-group btn-group-yesno">
				<option value="0" show_list="" hide_list="displaydatestd">FLEXI_NO</option>
				<option value="1" show_list="displaydatestd" hide_list="">FLEXI_YES</option>
			</field>
			<field name="date_label" type="radio" default="0" label="FLEXI_DISPLAY_FIELD_LABEL" description="FLEXI_DISPLAY_FIELD_LABEL_DESC" class="displaydatestd btn-group">
				<option value="0">FLEXI_NO</option>
				<option value="1">FLEXI_YES</option>
			</field>
			<field name="date_fields" type="fccheckbox" default=""
					checkoptions="FLEXI_DATE_CREATED,FLEXI_DATE_MODIFIED" checkvals="created,modified" defaultvals="created,modified"
					label="FLEXI_DISPLAY_DATE_TYPE" description="FLEXI_DISPLAY_DATE_TYPE_DESC" class="displaydatestd"
			/>
			<field name="date_format" type="multilist" subtype="list" toggle_related="1" default="DATE_FORMAT_LC3" label="FLEXI_DATE_FORMAT" description="..." class="displaydatestd">
				<option value="DATE_FORMAT_LC" show_list="" hide_list="customdate">DATE_FORMAT_LC</option>
				<option value="DATE_FORMAT_LC1" show_list="" hide_list="customdate">DATE_FORMAT_LC1</option>
				<option value="DATE_FORMAT_LC2" show_list="" hide_list="customdate">DATE_FORMAT_LC2</option>
				<option value="DATE_FORMAT_LC3" show_list="" hide_list="customdate">DATE_FORMAT_LC3</option>
				<option value="DATE_FORMAT_LC4" show_list="" hide_list="customdate">DATE_FORMAT_LC4</option>
				<option value="custom" show_list="customdate" hide_list="">FLEXI_CUSTOM</option>
			</field>
			<field name="custom_date_format" type="text" default="" label="FLEXI_CUSTOM_DATE_FORMAT" description="FLEXI_CUSTOM_DATE_FORMAT_DESC" class="displaydatestd customdate" />

			<field name="" type="separator" default="FLEXI_UMOD_FEAT" level="level3" />
			<field name="display_date_feat" type="multilist" subtype="radio" toggle_related="1" default="1" label="FLEXI_DISPLAY_DATE" description="FLEXI_DISPLAY_DATE_DESC" class="btn-group btn-group-yesno">
				<option value="0" show_list="" hide_list="displaydatefeat">FLEXI_NO</option>
				<option value="1" show_list="displaydatefeat" hide_list="">FLEXI_YES</option>
			</field>
			<field name="date_label_feat" type="radio" default="0" label="FLEXI_DISPLAY_FIELD_LABEL" description="FLEXI_DISPLAY_FIELD_LABEL_DESC" class="displaydatefeat btn-group">
				<option value="0">FLEXI_NO</option>
				<option value="1">FLEXI_YES</option>
			</field>
			<field name="date_fields_feat" type="fccheckbox" default=""
					checkoptions="FLEXI_DATE_CREATED,FLEXI_DATE_MODIFIED" checkvals="created,modified" defaultvals="created,modified"
					label="FLEXI_DISPLAY_DATE_TYPE" description="FLEXI_DISPLAY_DATE_TYPE_DESC" class="displaydatefeat"
			/>
			<field name="date_format_feat" type="multilist" subtype="list" toggle_related="1" default="DATE_FORMAT_LC3" label="FLEXI_DATE_FORMAT" description="..." class="displaydatefeat">
				<option value="DATE_FORMAT_LC" show_list="" hide_list="customdatefeat">DATE_FORMAT_LC</option>
				<option value="DATE_FORMAT_LC1" show_list="" hide_list="customdatefeat">DATE_FORMAT_LC1</option>
				<option value="DATE_FORMAT_LC2" show_list="" hide_list="customdatefeat">DATE_FORMAT_LC2</option>
				<option value="DATE_FORMAT_LC3" show_list="" hide_list="customdatefeat">DATE_FORMAT_LC3</option>
				<option value="DATE_FORMAT_LC4" show_list="" hide_list="customdatefeat">DATE_FORMAT_LC4</option>
				<option value="custom" show_list="customdatefeat" hide_list="">FLEXI_CUSTOM</option>
			</field>
			<field name="custom_date_format_feat" type="text" default="" label="FLEXI_CUSTOM_DATE_FORMAT_FEAT" description="FLEXI_CUSTOM_DATE_FORMAT_FEAT_DESC" class="displaydatefeat customdatefeat" />


			<field name="" type="separator" default="FLEXI_HITS_PARAMS" level="level1" />
			<field name="" type="separator" default="FLEXI_UMOD_STD" level="level3" />
			<field name="display_hits" type="multilist" subtype="radio" toggle_related="1" default="0" label="FLEXI_DISPLAY_HITS" description="FLEXI_DISPLAY_HITS_DESC" class="btn-group btn-group-yesno">
				<option value="0" show_list="" hide_list="display_hitsstd">FLEXI_NO</option>
				<option value="1" show_list="display_hitsstd" hide_list="">FLEXI_YES</option>
			</field>
			<field name="hits_label" type="radio" default="0" label="FLEXI_DISPLAY_FIELD_LABEL" description="FLEXI_DISPLAY_FIELD_LABEL_DESC" class="display_hitsstd btn-group group-fcmethod fcnoyes">
				<option value="2">FLEXI_NO</option>
				<option value="1">FLEXI_YES</option>
				<option value="0">FLEXI_YES_AFTER_COUNTER</option>
			</field>

			<field name="" type="separator" default="FLEXI_UMOD_FEAT" level="level3" />
			<field name="display_hits_feat" type="multilist" subtype="radio" toggle_related="1" default="0" label="FLEXI_DISPLAY_HITS" description="FLEXI_DISPLAY_HITS_DESC" class="btn-group btn-group-yesno" >
				<option value="0" show_list="" hide_list="display_hitsfeat">FLEXI_NO</option>
				<option value="1" show_list="display_hitsfeat" hide_list="">FLEXI_YES</option>
			</field>
			<field name="hits_label_feat" type="radio" default="0" label="FLEXI_DISPLAY_FIELD_LABEL" description="FLEXI_DISPLAY_FIELD_LABEL_DESC" class="display_hitsfeat btn-group group-fcmethod fcnoyes">
				<option value="2">FLEXI_NO</option>
				<option value="1">FLEXI_YES</option>
				<option value="0">FLEXI_YES_AFTER_COUNTER</option>
			</field>


			<field name="" type="separator" default="FLEXI_VOTING_PARAMS" level="level1" />

			<field name="" type="separator" default="FLEXI_UMOD_STD" level="level3" />
			<field name="display_voting" type="multilist" subtype="radio" toggle_related="1" default="0" label="FLEXI_DISPLAY_VOTING" description="FLEXI_DISPLAY_VOTING_DESC" class="btn-group btn-group-yesno">
				<option value="0" show_list="" hide_list="display_votestd">FLEXI_NO</option>
				<option value="1" show_list="display_votestd" hide_list="">FLEXI_YES</option>
			</field>
			<field name="voting_label" type="radio" default="0" label="FLEXI_DISPLAY_FIELD_LABEL" description="FLEXI_DISPLAY_FIELD_LABEL_DESC" class="display_votestd btn-group group-fcmethod fcnoyes">
				<option value="2">FLEXI_NO</option>
				<option value="1">FLEXI_YES</option>
				<option value="0">FLEXI_YES_AFTER_COUNTER</option>
			</field>
			<field name="vote_counter" type="radio" default="1" label="FLEXI_VOTING_SHOW_COUNTER" description="FLEXI_VOTING_SHOW_COUNTER_DESC" class="display_votestd btn-group">
				<option value="0">FLEXI_NO</option>
				<option value="1">FLEXI_YES</option>
			</field>
			<field name="vote_stars" type="radio" default="1" label="FLEXI_VOTING_NUMOF_STARS" description="FLEXI_VOTING_NUMOF_STARS_DESC" class="display_votestd btn-group group-fcinfo">
				<option value="1">FLEXI_VOTING_ONE_STAR_RECOMMENDED</option>
				<option value="5">FLEXI_VOTING_FIVE_STAR</option>
			</field>
			<field name="allow_vote" type="radio" default="0" label="FLEXI_VOTING_ALLOW" description="FLEXI_VOTING_ALLOW_DESC" class="display_votestd btn-group group-fcinfo">
				<option value="0">FLEXI_NO_RECOMMENDED</option>
				<option value="1">FLEXI_YES</option>
			</field>

			<field name="" type="separator" default="FLEXI_UMOD_FEAT" level="level3" />
			<field name="display_voting_feat" type="multilist" subtype="radio" toggle_related="1" default="0" label="FLEXI_DISPLAY_VOTING" description="FLEXI_DISPLAY_VOTING_DESC" class="btn-group btn-group-yesno">
				<option value="0" show_list="" hide_list="display_votefeat">FLEXI_NO</option>
				<option value="1" show_list="display_votefeat" hide_list="">FLEXI_YES</option>
			</field>
			<field name="voting_label_feat" type="radio" default="0" label="FLEXI_DISPLAY_FIELD_LABEL" description="FLEXI_DISPLAY_FIELD_LABEL_DESC" class="display_votefeat btn-group group-fcmethod fcnoyes">
				<option value="2">FLEXI_NO</option>
				<option value="1">FLEXI_YES</option>
				<option value="0">FLEXI_YES_AFTER_COUNTER</option>
			</field>
			<field name="vote_counter_feat" type="radio" default="1" label="FLEXI_VOTING_SHOW_COUNTER" description="FLEXI_VOTING_SHOW_COUNTER_DESC" class="display_votefeat btn-group">
				<option value="0">FLEXI_NO</option>
				<option value="1">FLEXI_YES</option>
			</field>
			<field name="vote_stars_feat" type="radio" default="1" label="FLEXI_VOTING_NUMOF_STARS" description="FLEXI_VOTING_NUMOF_STARS_DESC" class="display_votefeat btn-group group-fcinfo">
				<option value="1">FLEXI_VOTING_ONE_STAR_RECOMMENDED</option>
				<option value="5">FLEXI_VOTING_FIVE_STAR</option>
				<option value="0">FLEXI_VOTING_DEFAULT_STARS</option>
			</field>
			<field name="allow_vote_feat" type="radio" default="0" label="FLEXI_VOTING_ALLOW" description="FLEXI_VOTING_ALLOW_DESC" class="display_votefeat btn-group group-fcinfo">
				<option value="0">FLEXI_NO_RECOMMENDED</option>
				<option value="1">FLEXI_YES</option>
			</field>


			<field name="" type="separator" default="FLEXI_COMMENTS_PARAMS" level="level1" />
			<field name="" type="separator" default="FLEXI_UMOD_STD" level="level3" />
			<field name="display_comments" type="multilist" subtype="radio" toggle_related="1" default="0" label="FLEXI_DISPLAY_COMMENTS" description="FLEXI_DISPLAY_COMMENTS_DESC" class="btn-group btn-group-yesno">
				<option value="0" show_list="" hide_list="display_commentstd">FLEXI_NO</option>
				<option value="1" show_list="display_commentstd" hide_list="">FLEXI_YES</option>
			</field>
			<field name="comments_label" type="radio" default="0" label="FLEXI_DISPLAY_FIELD_LABEL" description="FLEXI_DISPLAY_FIELD_LABEL_DESC" class="display_commentstd btn-group group-fcmethod fcnoyes" >
				<option value="2">FLEXI_NO</option>
				<option value="1">FLEXI_YES</option>
				<option value="0">FLEXI_YES_AFTER_COUNTER</option>
			</field>
			<!--field name="list_comments" type="radio" default="0" label="FLEXI_LIST_COMMENTS" description="FLEXI_LIST_COMMENTS_DESC" class="display_commentstd btn-group" >
				<option value="0" show_list="" hide_list="display_commentliststd">FLEXI_NO</option>
				<option value="1" show_list="display_commentliststd" hide_list="display_commentliststd">FLEXI_YES</option>
			</field>
			<field name="comments_limit" type="text" default="4" label="FLEXI_UMOD_COMMENTS_LIST_LIMIT" description="FLEXI_UMOD_COMMENTS_LIST_LIMIT_DESC" class="display_commentstd display_commentliststd" /-->

			<field name="" type="separator" default="FLEXI_UMOD_FEAT" level="level3" />
			<field name="display_comments_feat" type="multilist" subtype="radio" toggle_related="1" default="0" label="FLEXI_DISPLAY_comments" description="FLEXI_DISPLAY_COMMENTS_DESC" class="btn-group btn-group-yesno">
				<option value="0" show_list="" hide_list="display_commentfeat">FLEXI_NO</option>
				<option value="1" show_list="display_commentfeat" hide_list="">FLEXI_YES</option>
			</field>
			<field name="comments_label_feat" type="radio" default="0" label="FLEXI_DISPLAY_FIELD_LABEL" description="FLEXI_DISPLAY_FIELD_LABEL_DESC" class="display_commentfeat btn-group group-fcmethod fcnoyes">
				<option value="2">FLEXI_NO</option>
				<option value="1">FLEXI_YES</option>
				<option value="0">FLEXI_YES_AFTER_COUNTER</option>
			</field>
			<!--field name="list_comments_feat" type="radio" default="0" label="FLEXI_LIST_COMMENTS" description="FLEXI_LIST_COMMENTS_DESC" class="display_commentfeat btn-group" >
				<option value="0" show_list="" hide_list="display_commentlistfeat">FLEXI_NO</option>
				<option value="1" show_list="display_commentlistfeat" hide_list="display_commentliststd">FLEXI_YES</option>
			</field>
			<field name="comments_limit_feat" type="text" default="4" label="FLEXI_UMOD_COMMENTS_LIST_LIMIT" description="FLEXI_UMOD_COMMENTS_LIST_LIMIT_DESC" class="display_commentfeat display_commentlistfeat" /-->

			<field name="" type="separator" default="FLEXI_CUSTOM_FIELDS_PARAMS" level="level1" />
			<field name="" type="separator" default="FLEXI_UMOD_STD" level="level3" />
			<field name="use_fields" type="multilist" subtype="radio" toggle_related="1" default="0" label="FLEXI_DISPLAY_FIELDS" description="FLEXI_DISPLAY_FIELDS_DESC" class="btn-group btn-group-yesno" >
				<option value="0" show_list="" hide_list="display_fieldsstd">FLEXI_NO</option>
				<option value="1" show_list="display_fieldsstd" hide_list="">FLEXI_YES</option>
			</field>
			<field name="display_label" type="radio" default="0" label="FLEXI_DISPLAY_FIELD_LABEL" description="FLEXI_DISPLAY_FIELD_LABEL_DESC" class="display_fieldsstd btn-group">
				<option value="0">FLEXI_NO</option>
				<option value="1">FLEXI_YES</option>
			</field>
			<field name="hide_label_onempty" type="radio" default="0" label="FLEXI_HIDE_LBL_WHEN_DISP_ISEMPTY" description="FLEXI_HIDE_LBL_WHEN_DISP_ISEMPTY_DESC" class="display_fieldsstd btn-group">
				<option value="0">FLEXI_NO</option>
				<option value="1">FLEXI_YES</option>
			</field>
			<field name="text_after_label" type="text" default="" label="FLEXI_FIELD_TEXT_AFTER_LABEL" description="FLEXI_FIELD_TEXT_AFTER_LABEL_DESC" class="display_fieldsstd"/>
			<field name="fields" type="fields" fieldnameasvalue="1" issortable="1" filter="string" cols="35" rows="4" default="" label="FLEXI_SELECT_FIELDS" description="FLEXI_SELECT_FIELDS_DESC" class="display_fieldsstd"/>

			<field name="" type="separator" default="FLEXI_UMOD_FEAT" level="level3" />
			<field name="use_fields_feat" type="multilist" subtype="radio" toggle_related="1" default="0" label="FLEXI_DISPLAY_FIELDS" description="FLEXI_DISPLAY_FIELDS_DESC" class="btn-group btn-group-yesno">
				<option value="0" show_list="" hide_list="display_fieldsfeat">FLEXI_NO</option>
				<option value="1" show_list="display_fieldsfeat" hide_list="">FLEXI_YES</option>
			</field>
			<field name="display_label_feat" type="radio" default="0" label="FLEXI_DISPLAY_FIELD_LABEL" description="FLEXI_DISPLAY_FIELD_LABEL_DESC" class="display_fieldsfeat btn-group">
				<option value="0">FLEXI_NO</option>
				<option value="1">FLEXI_YES</option>
			</field>
			<field name="hide_label_onempty_feat" type="radio" default="0" label="FLEXI_HIDE_LBL_WHEN_DISP_ISEMPTY" description="FLEXI_HIDE_LBL_WHEN_DISP_ISEMPTY_DESC" class="display_fieldsfeat btn-group">
				<option value="0">FLEXI_NO</option>
				<option value="1">FLEXI_YES</option>
			</field>
			<field name="text_after_label_feat" type="text" default="" label="FLEXI_FIELD_TEXT_AFTER_LABEL" description="FLEXI_FIELD_TEXT_AFTER_LABEL_DESC" class="display_fieldsfeat"/>
			<field name="fields_feat" type="fields" fieldnameasvalue="1" issortable="1" filter="string" cols="35" rows="4" default="" label="FLEXI_SELECT_FIELDS" description="FLEXI_SELECT_FIELDS_DESC" class="display_fieldsfeat" />

		<field name="" type="separator" default="FLEXI_MOD_TMPL_CONTENT_VIA_LAYOUT_BUILDER" description="" icon_class="icon-puzzle" level="tab_open" box_type="1" />
		<field name="" type="separator" default="FLEXI_MOD_TMPL_CONTENT_CONFIG_NOT_USED_BY_ALL_TEMPLATES_INFO" level="level3" class="alert alert-info fcpadded" />

			<field name="" type="separator" default="Layout 1" level="level1" />
			<field name="builder_layout1" type="fclayoutbuilder" default="" label="Layout builder" description="..." class=""
				editor_sfx="builder_layout1"
				lessfile="modules/mod_flexicontent/builder/less/standard_items_list_{{id}}.less"
			/>

			<field name="builder_layout1_html" type="textarea" filter="raw" readonly="readonly" rows="2" default="" label="HTML" description="..." class="input-xxlarge"/>
			<field name="builder_layout1_js" type="hidden" filter="raw" default="" label="JS" description="..." class="" />
			<field name="builder_layout1_css" type="textarea" readonly="readonly" filter="raw" rows="2" default="" label="CSS" description="..." class="input-xxlarge" />
			<field name="builder_layout1_styles" type="hidden" filter="raw" default="" label="Styles" description="..." class=""/>
			<field name="builder_layout1_components" type="hidden" filter="raw" default="" label="Components" description="..." class=""/>
			<field name="builder_layout1_assets" type="hidden" filter="raw" default="" label="Assets" description="..." class=""/>
			<field name="builder_layout1_hash" type="hidden" filter="JHtmlFclayoutbuilder::createUrlHash" default="" label="Hash" description="..." class="" />
			<field name="builder_layout1_less" type="hidden" filter="JHtmlFclayoutbuilder::prepareLess" default="/modules/mod_flexicontent/builder/less/builder_layout1_{{id}}" label="LESS" description="..." class="" />

			<field name="" type="separator" default="Layout 2" level="level1" />
			<field name="builder_layout2" type="fclayoutbuilder" default="" label="Layout builder" description="..." class=""
				editor_sfx="builder_layout2"
				lessfile="modules/mod_flexicontent/builder/less/standard_items_list_{{id}}.less"
			/>

			<field name="builder_layout2_html" type="textarea" filter="raw" readonly="readonly" rows="2" default="" label="HTML" description="..." class="input-xxlarge"/>
			<field name="builder_layout2_js" type="hidden" filter="raw" default="" label="JS" description="..." class="" />
			<field name="builder_layout2_css" type="textarea" readonly="readonly" filter="raw" rows="2" default="" label="CSS" description="..." class="input-xxlarge" />
			<field name="builder_layout2_styles" type="hidden" filter="raw" default="" label="Styles" description="..." class=""/>
			<field name="builder_layout2_components" type="hidden" filter="raw" default="" label="Components" description="..." class=""/>
			<field name="builder_layout2_assets" type="hidden" filter="raw" default="" label="Assets" description="..." class=""/>
			<field name="builder_layout2_hash" type="hidden" filter="JHtmlFclayoutbuilder::createUrlHash" default="" label="Hash" description="..." class="" />
			<field name="builder_layout2_less" type="hidden" filter="JHtmlFclayoutbuilder::prepareLess" default="/modules/mod_flexicontent/builder/less/builder_layout2_{{id}}" label="LESS" description="..." class="" />

		<field name="" type="separator" default="Display Tabset" level="tabset_close" tab_class="s-fake" box_type="1" />

		</fieldset>

		<fieldset name="advanced">

			<field name="" type="separator" default="FLEXI_CACHING" level="level1" />
			<field name="cache" type="list" default="1" label="FLEXI_CACHING" description="FLEXI_CACHING_DESC">
				<option value="1">FLEXI_USE_GLOBAL</option>
				<option value="0">FLEXI_NO_CACHING</option>
			</field>
			<field name="cache_time" type="text" default="900" label="FLEXI_CACHE_TIME" description="FLEXI_CACHE_TIME_DESC" />

			<field name="" type="separator" default="CSS / JS" level="level1" />
			<field name="add_ccs" type="radio" default="" label="FLEXI_ADD_DEFAULT_CSS" description="FLEXI_ADD_DEFAULT_CSS_DESC" class="btn-group btn-group-yesno">
				<option value="">Use component setting</option>
				<option value="0">FLEXI_NO</option>
				<option value="1">FLEXI_YES</option>
				<option value="2">CSS links inside HTML (allows capturing)</option>
			</field>
			<field name="add_tooltips" type="radio" default="" label="FLEXI_ADD_TOOLTIPS_JS" description="FLEXI_ADD_TOOLTIPS_JS_DESC" class="btn-group btn-group-yesno">
				<option value="">Use component setting</option>
				<option value="0">FLEXI_NO</option>
				<option value="1">FLEXI_YES</option>
			</field>

			<field name="" type="separator" default="Module Container" level="level1" />
			<field name="moduleclass_sfx" type="text" default="" label="FLEXI_MODULE_CLASS_SUFFIX" description="FLEXI_MODULE_CLASS_SUFFIX_DESC" />

		</fieldset>

	</fields>
	</config>
</extension>
