<?xml version="1.0" encoding="utf-8"?>
<extension type="module" version="3.7.0" client="site" method="upgrade">
	<name>mod_flexicategories</name>
	<author>Emmanuel Danan, Georgios Papadakis, Yannick Berges, others, see contributor page</author>
	<creationDate>12/05/2020</creationDate>
	<copyright>(C) 2020 flexicontent.org</copyright>
	<license>http://www.gnu.org/licenses/gpl-3.0.html GNU/GPL</license>
	<authorEmail>info@flexicontent.org</authorEmail>
	<authorUrl>http://www.flexicontent.org</authorUrl>
	<version>3.4.0</version>
	<description>MOD_FLEXICATEGORIES_XML_DESCRIPTION</description>
	
	<files>
		<filename module="mod_flexicategories">mod_flexicategories.php</filename>
		<folder>tmpl</folder>
		<folder>elements</folder>
		<filename>helper.php</filename>
		<filename>mod_flexicategories.xml</filename>
	</files>
	
	<languages>
		<language tag="en-GB">language/en-GB.mod_flexicategories.ini</language>
		<language tag="en-GB">language/en-GB.mod_flexicategories.sys.ini</language>
	</languages>
	<help key="JHELP_EXTENSIONS_MODULE_MANAGER_ARTICLES_CATEGORIES" />

	<config>
<inlinehelp button="show"/>
	<fields name="params">
		<fieldset name="basic" addfieldpath="/modules/mod_flexicategories/elements">

			<field name="" type="separator" default="FLEXI_TEMPLATE_LAYOUT" description="" level="level1" class="fc-ngmargin" />
			<field name="" type="separator" default="Please set layout parameters in &lt;b&gt;Layout: ... TAB&lt;/b&gt;. CSS/HTML developers please read: &lt;u&gt;&lt;b&gt; &lt;a href='https://www.flexicontent.org/documentation/tutorials-english/69-templating-module-plugin-content/274-how-to-create-a-custom-layout-for-universal-content-module-and-other-flexicontent-modules.html' target='_blank'&gt;Custom templates HOW-TO&lt;/a&gt; &lt;/b&gt; &lt;/u&gt;" level="level3" class="alert alert-info fcpadded" />
			<field name="layout" type="fclayout" default="default" label="FLEXI_CHOOSE_TMPL"
				description="FLEXI_CHOOSE_TMPL_DESC" directory="/modules/mod_flexicategories/tmpl" ext_name="mod_flexicategories"
				hide_default="1" hide_none="1" stripext="1" filter="\.php$" exclude="^_"
				tmpl_container="mod_tmpl_layout" params_source="file"
				/> <!-- params_source="inline" -->

			<field name="" type="separator" default="FLEXI_BASIC_CONFIGURATION" level="level1" />

			<field
				name="parent"
				type="category"
				extension="com_content"
				published=""
				label="MOD_FLEXICATEGORIES_FIELD_PARENT_LABEL"
				description="MOD_FLEXICATEGORIES_FIELD_PARENT_DESC"/>

			<field
				name="show_empty_cats"
				type="multilist"
				subtype="radio"
				class="btn-group group-fcmethod fcoffactive"
				default="1"
				label="MOD_FLEXICATEGORIES_EMPTY_CATS"
				description="MOD_FLEXICATEGORIES_EMPTY_CATS_DESC">
				<option value="0">JHIDE</option>
				<option value="1">JSHOW</option>
			</field>

			<field
				name="count"
				type="list"
				label="MOD_FLEXICATEGORIES_FIELD_COUNT_LABEL"
				description="MOD_FLEXICATEGORIES_FIELD_COUNT_DESC"
				default="0"
			>
				<option value="0">JALL</option>
				<option value="1">J1</option>
				<option value="2">J2</option>
				<option value="3">J3</option>
				<option value="4">J4</option>
				<option value="5">J5</option>
				<option value="6">J6</option>
				<option value="7">J7</option>
				<option value="8">J8</option>
				<option value="9">J9</option>
				<option value="10">J10</option>
			</field>

			<field name="" type="separator" default="MOD_FLEXICATEGORIES_INFO_SHOWN" description="..." level="level3" />

			<field
				name="show_description"
				type="radio"
				class="btn-group btn-group-yesno"
				default="0"
				label="MOD_FLEXICATEGORIES_FIELD_SHOW_DESCRIPTION_LABEL"
				description="MOD_FLEXICATEGORIES_FIELD_SHOW_DESCRIPTION_DESC">
				<option value="0">JHIDE</option>
				<option value="1">JSHOW</option>
			</field>
	
			<field
				name="numitems"
				type="radio"
				class="btn-group btn-group-yesno"
				default="0"
				label="MOD_FLEXICATEGORIES_FIELD_NUMITEMS_LABEL"
				description="MOD_FLEXICATEGORIES_FIELD_NUMITEMS_DESC">
				<option value="0">JHIDE</option>
				<option value="1">JSHOW</option>
			</field>
	
			<field name="" type="separator" default="MOD_FLEXICATEGORIES_SUBCATEGORIES" description="..." level="level3" />

			<field
				name="show_children"
				type="radio"
				class="btn-group btn-group-yesno"
				default="0"
				label="MOD_FLEXICATEGORIES_FIELD_SHOW_CHILDREN_LABEL"
				description="MOD_FLEXICATEGORIES_FIELD_SHOW_CHILDREN_DESC">
				<option value="0">JNO</option>
				<option value="1">JYES</option>
			</field>
			<field
				name="maxlevel"
				type="list"
				label="MOD_FLEXICATEGORIES_FIELD_MAXLEVEL_LABEL"
				description="MOD_FLEXICATEGORIES_FIELD_MAXLEVEL_DESC"
				default="0"
				showon="show_children:1"
			>
				<option value="0">JALL</option>
				<option value="1">J1</option>
				<option value="2">J2</option>
				<option value="3">J3</option>
				<option value="4">J4</option>
				<option value="5">J5</option>
				<option value="6">J6</option>
				<option value="7">J7</option>
				<option value="8">J8</option>
				<option value="9">J9</option>
				<option value="10">J10</option>
			</field>

			<field name="" type="separator" default="FLEXI_IMAGE" description="..." level="level3" />
			<field name="show_description_image" type="multilist" subtype="radio" default="0" label="MOD_FLEXICATEGORIES_SHOW_IMAGE" description="MOD_FLEXICATEGORIES_SHOW_IMAGE_DESC" toggle_related="1" class="btn-group btn-group-yesno">
				<option value="0" show_list="" hide_list="disp_cat_img">JNO</option>
				<option value="1" show_list="disp_cat_img" hide_list="">JYES</option>
			</field>
			<field name="cat_image_source" type="radio" default="2" label="MOD_FLEXICATEGORIES_CAT_IMAGE_SOURCE" description="MOD_FLEXICATEGORIES_CAT_IMAGE_SOURCE_DESC" class="btn-group disp_cat_img">
				<option value="0">MOD_FLEXICATEGORIES_CAT_IMAGE_EXTRACT</option>
				<option value="1">MOD_FLEXICATEGORIES_CAT_IMAGE_USEPARAM</option>
				<option value="2">MOD_FLEXICATEGORIES_CAT_IMAGE_BOTH</option>
			</field>
			<field name="cat_link_image" type="radio" default="1" label="MOD_FLEXICATEGORIES_LINK_IMAGE" description="MOD_FLEXICATEGORIES_LINK_IMAGE_DESC" class="btn-group disp_cat_img">
				<option value="0">FLEXI_NO</option>
				<option value="1">FLEXI_YES</option>
			</field>
			<field name="cat_image_method" type="radio" default="1" label="MOD_FLEXICATEGORIES_PROCESSING_METHOD" description="MOD_FLEXICATEGORIES_PROCESSING_METHOD_DESC" class="btn-group disp_cat_img">
				<option value="0">MOD_FLEXICATEGORIES_SCALE</option>
				<option value="1">MOD_FLEXICATEGORIES_CROP</option>
			</field>		
			<field name="cat_image_width" type="text" size="5" default="24" label="MOD_FLEXICATEGORIES_IMAGE_WIDTH" description="MOD_FLEXICATEGORIES_IMAGE_WIDTH" class="disp_cat_img" />
			<field name="cat_image_height" type="text" size="5" default="24" label="MOD_FLEXICATEGORIES_IMAGE_HEIGHT" description="MOD_FLEXICATEGORIES_IMAGE_HEIGHT" class="disp_cat_img" />
			<field name="cat_image_float" type="radio" default="left" label="MOD_FLEXICATEGORIES_IMAGE_POSITION" description="MOD_FLEXICATEGORIES_IMAGE_POSITION_DESC" class="btn-group disp_cat_img">
				<option value="left">MOD_FLEXICATEGORIES_IMAGE_LEFT</option>
				<option value="right">MOD_FLEXICATEGORIES_IMAGE_RIGHT</option>
			</field>
			<field name="cat_default_image" type="media" default="" label="MOD_FLEXICATEGORIES_DEFAULT_CATIMAGE" description="MOD_FLEXICATEGORIES_DEFAULT_CATIMAGE_DESC" class="disp_cat_img" />

		</fieldset>

		<fieldset name="FLEXI_MODULE_DISPLAYING_RULES" label="FLEXI_MODULE_DISPLAYING_RULES" description="FLEXI_MODULE_DISPLAYING_RULES_DESC">
			<field name="combine_show_rules" type="radio" default="AND" label="FLEXI_COMBINE_SHOW_RULES" description="FLEXI_COMBINE_SHOW_RULES_DESC" class="btn-group group-fcinfo">
				<option value="OR">FLEXI_OR</option>
				<option value="AND">FLEXI_AND</option>
			</field>

			<field name="" type="separator" default="FLEXI_MOD_CLIENTS" level="level2" />
			<field name="" type="separator" default="FLEXI_EXT_SHOW_HIDE_JCACHE_CONF_NOTE" level="level3" class="alert alert-info fcpadded" />
			<field name="show_in_clients" type="fccheckbox" default=""
					checkoptions="FLEXI_MOD_DESKTOP,FLEXI_MOD_TABLET,FLEXI_MOD_MOBILE"
					checkvals="desktop,tablet,mobile"
					defaultvals="desktop,tablet,mobile"
					label="FLEXI_MOD_SHOW_IN_CLIENTS" description="FLEXI_MOD_SHOW_IN_CLIENTS_DESC"
			/>

			<field name="" type="separator" default="FLEXI_FLEXI_VIEW_RULES" level="level2" />
			<field name="show_in_views" type="fccheckbox" default=""
					checkoptions="FLEXI_CATEGORY_V,FLEXI_ITEM_V,FLEXI_FAVOURITES_V,FLEXI_TAGS_V,FLEXI_DIRECTORY_V,FLEXI_SEARCH_V,FLEXI_OTHERS_V"
					checkvals="category,item,favourites,tags,flexicontent,search,others"
					defaultvals="category,item,favourites,tags,flexicontent,search,others"
					label="FLEXI_SHOW_IN_VIEWS" description="FLEXI_SHOW_IN_VIEWS_DESC"
			/>

			<field name="" type="separator" default="FLEXI_PHP_EXPRESSION_RULE" level="level2" />
			<field name="enable_php_rule" type="multilist" subtype="radio" toggle_related="1" default="0" label="FLEXI_ENABLE_RULE" description="FLEXI_ENABLE_RULE_DESC" class="btn-group group-fcmethod">
				<option value="0" show_list="" hide_list="using_php_rule">FLEXI_NO</option>
				<option value="1" show_list="using_php_rule" hide_list="">FLEXI_YES</option>
			</field>
			<field name="php_rule" type="textarea" filter="\Joomla\CMS\Component\ComponentHelper::filterText" rows="5" cols="40" label="FLEXI_PHP_RULE_CODE" description="FLEXI_PHP_RULE_CODE_DESC" class="using_php_rule input-xxlarge" />

		</fieldset>
		
		<fieldset name="mod_tmpl_layout" label="FLEXI_MOD_TMPL_LAYOUT_OPTIONS" description="FLEXI_MOD_TMPL_LAYOUT_OPTIONS_DESC">
		</fieldset>

		<fieldset name="advanced">

			<field
				name="item_heading"
				type="list"
				default="4"
				label="MOD_FLEXICATEGORIES_TITLE_HEADING_LABEL"
				description="MOD_FLEXICATEGORIES_TITLE_HEADING_DESC"
			>
				<option value="1">JH1</option>
				<option value="2">JH2</option>
				<option value="3">JH3</option>
				<option value="4">JH4</option>
				<option value="5">JH5</option>
			</field>
	
			<field
				name="moduleclass_sfx"
				type="textarea"
				rows="3"
				label="COM_MODULES_FIELD_MODULECLASS_SFX_LABEL"
				description="COM_MODULES_FIELD_MODULECLASS_SFX_DESC" />
	
			<field
				name="owncache"
				type="list"
				default="1"
				label="COM_MODULES_FIELD_CACHING_LABEL"
				description="COM_MODULES_FIELD_CACHING_DESC"
			>
				<option value="1">JGLOBAL_USE_GLOBAL</option>
				<option value="0">COM_MODULES_FIELD_VALUE_NOCACHING</option>
			</field>
	
			<field
				name="cache_time"
				type="text"
				default="900"
				label="COM_MODULES_FIELD_CACHE_TIME_LABEL"
				description="COM_MODULES_FIELD_CACHE_TIME_DESC" />
		</fieldset>
		
	</fields>
	</config>
</extension>
